gene,ssm_id,consequence_type,aa_change,genomic_change
BIRC5,6cd368b3-97ee-5b8d-bc44-f73b787ec300,non_coding_transcript_exon_variant,,chr17:g.78214774C>T
BIRC5,6cd368b3-97ee-5b8d-bc44-f73b787ec300,missense_variant,P69L,chr17:g.78214774C>T
BIRC5,6cd368b3-97ee-5b8d-bc44-f73b787ec300,missense_variant,P47L,chr17:g.78214774C>T
BIRC5,6cd368b3-97ee-5b8d-bc44-f73b787ec300,upstream_gene_variant,,chr17:g.78214774C>T
BIRC5,6cd368b3-97ee-5b8d-bc44-f73b787ec300,missense_variant,P47L,chr17:g.78214774C>T
BIRC5,6cd368b3-97ee-5b8d-bc44-f73b787ec300,missense_variant,P69L,chr17:g.78214774C>T
BIRC5,6cd368b3-97ee-5b8d-bc44-f73b787ec300,missense_variant,P69L,chr17:g.78214774C>T
BIRC5,6cd368b3-97ee-5b8d-bc44-f73b787ec300,missense_variant,P69L,chr17:g.78214774C>T
BIRC5,6cd368b3-97ee-5b8d-bc44-f73b787ec300,missense_variant,P47L,chr17:g.78214774C>T
BIRC5,6cd368b3-97ee-5b8d-bc44-f73b787ec300,missense_variant,P69L,chr17:g.78214774C>T
BIRC5,6cd368b3-97ee-5b8d-bc44-f73b787ec300,missense_variant,P69L,chr17:g.78214774C>T
BIRC5,44e7fb0c-7e06-5551-8962-ccbed7077699,missense_variant,G44C,chr17:g.78214764G>T
BIRC5,44e7fb0c-7e06-5551-8962-ccbed7077699,missense_variant,G66C,chr17:g.78214764G>T
BIRC5,44e7fb0c-7e06-5551-8962-ccbed7077699,missense_variant,G44C,chr17:g.78214764G>T
BIRC5,44e7fb0c-7e06-5551-8962-ccbed7077699,upstream_gene_variant,,chr17:g.78214764G>T
BIRC5,44e7fb0c-7e06-5551-8962-ccbed7077699,missense_variant,G66C,chr17:g.78214764G>T
BIRC5,44e7fb0c-7e06-5551-8962-ccbed7077699,missense_variant,G66C,chr17:g.78214764G>T
BIRC5,44e7fb0c-7e06-5551-8962-ccbed7077699,missense_variant,G44C,chr17:g.78214764G>T
BIRC5,44e7fb0c-7e06-5551-8962-ccbed7077699,missense_variant,G66C,chr17:g.78214764G>T
BIRC5,44e7fb0c-7e06-5551-8962-ccbed7077699,missense_variant,G66C,chr17:g.78214764G>T
BIRC5,44e7fb0c-7e06-5551-8962-ccbed7077699,non_coding_transcript_exon_variant,,chr17:g.78214764G>T
BIRC5,44e7fb0c-7e06-5551-8962-ccbed7077699,missense_variant,G66C,chr17:g.78214764G>T
BIRC5,52643075-e7f2-5606-9f38-c4d9b9c11f99,missense_variant,K23E,chr17:g.78214383A>G
BIRC5,52643075-e7f2-5606-9f38-c4d9b9c11f99,missense_variant,K23E,chr17:g.78214383A>G
BIRC5,52643075-e7f2-5606-9f38-c4d9b9c11f99,non_coding_transcript_exon_variant,,chr17:g.78214383A>G
BIRC5,52643075-e7f2-5606-9f38-c4d9b9c11f99,upstream_gene_variant,,chr17:g.78214383A>G
BIRC5,52643075-e7f2-5606-9f38-c4d9b9c11f99,upstream_gene_variant,,chr17:g.78214383A>G
BIRC5,52643075-e7f2-5606-9f38-c4d9b9c11f99,missense_variant,K23E,chr17:g.78214383A>G
BIRC5,52643075-e7f2-5606-9f38-c4d9b9c11f99,upstream_gene_variant,,chr17:g.78214383A>G
BIRC5,52643075-e7f2-5606-9f38-c4d9b9c11f99,upstream_gene_variant,,chr17:g.78214383A>G
BIRC5,52643075-e7f2-5606-9f38-c4d9b9c11f99,missense_variant,K23E,chr17:g.78214383A>G
BIRC5,52643075-e7f2-5606-9f38-c4d9b9c11f99,missense_variant,K23E,chr17:g.78214383A>G
BIRC5,52643075-e7f2-5606-9f38-c4d9b9c11f99,missense_variant,K23E,chr17:g.78214383A>G
CCNB1,0b9aaaf4-77e8-57da-b145-783e49ed1891,missense_variant,R230I,chr5:g.69175019G>T
CCNB1,0b9aaaf4-77e8-57da-b145-783e49ed1891,missense_variant,R283I,chr5:g.69175019G>T
CCNB1,0b9aaaf4-77e8-57da-b145-783e49ed1891,missense_variant,R283I,chr5:g.69175019G>T
CCNB1,0b9aaaf4-77e8-57da-b145-783e49ed1891,missense_variant,R283I,chr5:g.69175019G>T
CCNB1,0b9aaaf4-77e8-57da-b145-783e49ed1891,missense_variant,R99I,chr5:g.69175019G>T
CCNB1,0b9aaaf4-77e8-57da-b145-783e49ed1891,upstream_gene_variant,,chr5:g.69175019G>T
CCNB1,0b9aaaf4-77e8-57da-b145-783e49ed1891,downstream_gene_variant,,chr5:g.69175019G>T
CCNB1,ae17531a-dfc0-517d-88fd-7b3e01f27e79,missense_variant,A136D,chr5:g.69171313C>A
CCNB1,ae17531a-dfc0-517d-88fd-7b3e01f27e79,3_prime_UTR_variant,,chr5:g.69171313C>A
CCNB1,ae17531a-dfc0-517d-88fd-7b3e01f27e79,missense_variant,A136D,chr5:g.69171313C>A
CCNB1,ae17531a-dfc0-517d-88fd-7b3e01f27e79,upstream_gene_variant,,chr5:g.69171313C>A
CCNB1,ae17531a-dfc0-517d-88fd-7b3e01f27e79,missense_variant,A136D,chr5:g.69171313C>A
CCNB1,ae17531a-dfc0-517d-88fd-7b3e01f27e79,missense_variant,A136D,chr5:g.69171313C>A
CCNB1,f6535459-c5d0-5416-aeec-536890a00daf,synonymous_variant,V400=,chr5:g.69177529C>T
CCNB1,f6535459-c5d0-5416-aeec-536890a00daf,downstream_gene_variant,,chr5:g.69177529C>T
CCNB1,f6535459-c5d0-5416-aeec-536890a00daf,3_prime_UTR_variant,,chr5:g.69177529C>T
CCNB1,f6535459-c5d0-5416-aeec-536890a00daf,downstream_gene_variant,,chr5:g.69177529C>T
CCNB1,f6535459-c5d0-5416-aeec-536890a00daf,non_coding_transcript_exon_variant,,chr5:g.69177529C>T
CCNB1,f6535459-c5d0-5416-aeec-536890a00daf,downstream_gene_variant,,chr5:g.69177529C>T
CCNB1,f6535459-c5d0-5416-aeec-536890a00daf,synonymous_variant,V363=,chr5:g.69177529C>T
CCNB2,d8f6bb7c-7b0f-56a9-8352-cf9b11396f18,synonymous_variant,Y141=,chr15:g.59114599T>C
CCNB2,d8f6bb7c-7b0f-56a9-8352-cf9b11396f18,synonymous_variant,Y60=,chr15:g.59114599T>C
CCNB2,d8f6bb7c-7b0f-56a9-8352-cf9b11396f18,synonymous_variant,Y141=,chr15:g.59114599T>C
CCNB2,d8f6bb7c-7b0f-56a9-8352-cf9b11396f18,non_coding_transcript_exon_variant,,chr15:g.59114599T>C
CCNB2,d8f6bb7c-7b0f-56a9-8352-cf9b11396f18,upstream_gene_variant,,chr15:g.59114599T>C
CDC20,a4e80868-3af5-525f-9ab1-464a9f1c82e2,missense_variant,S268F,chr1:g.43360548C>T
CDC20,a4e80868-3af5-525f-9ab1-464a9f1c82e2,upstream_gene_variant,,chr1:g.43360548C>T
CDC20,a4e80868-3af5-525f-9ab1-464a9f1c82e2,missense_variant,S268F,chr1:g.43360548C>T
CDC20,a4e80868-3af5-525f-9ab1-464a9f1c82e2,non_coding_transcript_exon_variant,,chr1:g.43360548C>T
CDC20,5d164233-6f31-57eb-95e4-48383ed755eb,missense_variant,K149R,chr1:g.43359987A>G
CDC20,5d164233-6f31-57eb-95e4-48383ed755eb,non_coding_transcript_exon_variant,,chr1:g.43359987A>G
CDC20,5d164233-6f31-57eb-95e4-48383ed755eb,missense_variant,K149R,chr1:g.43359987A>G
CDC20,5d164233-6f31-57eb-95e4-48383ed755eb,upstream_gene_variant,,chr1:g.43359987A>G
CDC20,35fb9992-6539-5717-8105-08ee41d5a3ec,downstream_gene_variant,,chr1:g.43361119G>A
CDC20,35fb9992-6539-5717-8105-08ee41d5a3ec,splice_acceptor_variant,X360_splice,chr1:g.43361119G>A
CDC20,35fb9992-6539-5717-8105-08ee41d5a3ec,non_coding_transcript_exon_variant,,chr1:g.43361119G>A
CDC20,35fb9992-6539-5717-8105-08ee41d5a3ec,splice_acceptor_variant,X360_splice,chr1:g.43361119G>A
CDC20,458588e7-864a-5be9-bc80-200dc9bcd461,upstream_gene_variant,,chr1:g.43359346G>T
CDC20,458588e7-864a-5be9-bc80-200dc9bcd461,missense_variant,R44L,chr1:g.43359346G>T
CDC20,458588e7-864a-5be9-bc80-200dc9bcd461,upstream_gene_variant,,chr1:g.43359346G>T
CDC20,458588e7-864a-5be9-bc80-200dc9bcd461,missense_variant,R44L,chr1:g.43359346G>T
CDC20,09afa462-728e-5e60-9ee9-f921c142d611,missense_variant,Q68R,chr1:g.43359511A>G
CDC20,09afa462-728e-5e60-9ee9-f921c142d611,missense_variant,Q68R,chr1:g.43359511A>G
CDC20,09afa462-728e-5e60-9ee9-f921c142d611,upstream_gene_variant,,chr1:g.43359511A>G
CDC20,09afa462-728e-5e60-9ee9-f921c142d611,upstream_gene_variant,,chr1:g.43359511A>G
CDC20,194b2de8-44f3-5238-a487-47a7fc1e4e8a,upstream_gene_variant,,chr1:g.43359519C>G
CDC20,194b2de8-44f3-5238-a487-47a7fc1e4e8a,missense_variant,P71A,chr1:g.43359519C>G
CDC20,194b2de8-44f3-5238-a487-47a7fc1e4e8a,missense_variant,P71A,chr1:g.43359519C>G
CDC20,194b2de8-44f3-5238-a487-47a7fc1e4e8a,upstream_gene_variant,,chr1:g.43359519C>G
CDC20,16bd5166-bf4b-5eb0-9cb5-cf3e45ac9380,stop_gained,W470*,chr1:g.43363038G>A
CDC20,16bd5166-bf4b-5eb0-9cb5-cf3e45ac9380,stop_gained,W470*,chr1:g.43363038G>A
CDC20,16bd5166-bf4b-5eb0-9cb5-cf3e45ac9380,non_coding_transcript_exon_variant,,chr1:g.43363038G>A
CDC20,16bd5166-bf4b-5eb0-9cb5-cf3e45ac9380,downstream_gene_variant,,chr1:g.43363038G>A
KIF2C,1cc1517a-f3a7-5930-b109-06479f3e0021,downstream_gene_variant,,chr1:g.44759270A>T
KIF2C,1cc1517a-f3a7-5930-b109-06479f3e0021,upstream_gene_variant,,chr1:g.44759270A>T
KIF2C,1cc1517a-f3a7-5930-b109-06479f3e0021,downstream_gene_variant,,chr1:g.44759270A>T
KIF2C,1cc1517a-f3a7-5930-b109-06479f3e0021,upstream_gene_variant,,chr1:g.44759270A>T
KIF2C,1cc1517a-f3a7-5930-b109-06479f3e0021,missense_variant,Q376L,chr1:g.44759270A>T
KIF2C,1cc1517a-f3a7-5930-b109-06479f3e0021,missense_variant,Q430L,chr1:g.44759270A>T
KIF2C,1cc1517a-f3a7-5930-b109-06479f3e0021,downstream_gene_variant,,chr1:g.44759270A>T
KIF2C,a125d1fe-a8a8-56a8-b9c6-9794b6ccae14,frameshift_variant,,chr1:g.44756237delG
KIF2C,a125d1fe-a8a8-56a8-b9c6-9794b6ccae14,downstream_gene_variant,,chr1:g.44756237delG
KIF2C,a125d1fe-a8a8-56a8-b9c6-9794b6ccae14,downstream_gene_variant,,chr1:g.44756237delG
KIF2C,a125d1fe-a8a8-56a8-b9c6-9794b6ccae14,frameshift_variant,,chr1:g.44756237delG
KIF2C,a125d1fe-a8a8-56a8-b9c6-9794b6ccae14,upstream_gene_variant,,chr1:g.44756237delG
KIF2C,a125d1fe-a8a8-56a8-b9c6-9794b6ccae14,splice_region_variant,,chr1:g.44756237delG
KIF2C,a125d1fe-a8a8-56a8-b9c6-9794b6ccae14,frameshift_variant,,chr1:g.44756237delG
KIF2C,8d99f647-180f-5ec5-8395-4b25d35873f4,missense_variant,L18F,chr1:g.44747432C>T
KIF2C,8d99f647-180f-5ec5-8395-4b25d35873f4,non_coding_transcript_exon_variant,,chr1:g.44747432C>T
KIF2C,8d99f647-180f-5ec5-8395-4b25d35873f4,missense_variant,L63F,chr1:g.44747432C>T
KIF2C,8d99f647-180f-5ec5-8395-4b25d35873f4,missense_variant,L72F,chr1:g.44747432C>T
KIF2C,8d99f647-180f-5ec5-8395-4b25d35873f4,non_coding_transcript_exon_variant,,chr1:g.44747432C>T
KIF2C,8d99f647-180f-5ec5-8395-4b25d35873f4,missense_variant,L72F,chr1:g.44747432C>T
KIF2C,5720a9bb-f857-5e94-979f-131deae90962,upstream_gene_variant,,chr1:g.44760441G>T
KIF2C,5720a9bb-f857-5e94-979f-131deae90962,downstream_gene_variant,,chr1:g.44760441G>T
KIF2C,5720a9bb-f857-5e94-979f-131deae90962,missense_variant,R456L,chr1:g.44760441G>T
KIF2C,5720a9bb-f857-5e94-979f-131deae90962,downstream_gene_variant,,chr1:g.44760441G>T
KIF2C,5720a9bb-f857-5e94-979f-131deae90962,missense_variant,R510L,chr1:g.44760441G>T
KIF2C,5720a9bb-f857-5e94-979f-131deae90962,downstream_gene_variant,,chr1:g.44760441G>T
KIF2C,5720a9bb-f857-5e94-979f-131deae90962,upstream_gene_variant,,chr1:g.44760441G>T
KIF2C,c2e66cf4-39c9-596e-b979-67067576d070,downstream_gene_variant,,chr1:g.44758053G>T
KIF2C,c2e66cf4-39c9-596e-b979-67067576d070,synonymous_variant,R325=,chr1:g.44758053G>T
KIF2C,c2e66cf4-39c9-596e-b979-67067576d070,downstream_gene_variant,,chr1:g.44758053G>T
KIF2C,c2e66cf4-39c9-596e-b979-67067576d070,upstream_gene_variant,,chr1:g.44758053G>T
KIF2C,c2e66cf4-39c9-596e-b979-67067576d070,synonymous_variant,R379=,chr1:g.44758053G>T
KIF2C,c2e66cf4-39c9-596e-b979-67067576d070,downstream_gene_variant,,chr1:g.44758053G>T
KIF2C,c2e66cf4-39c9-596e-b979-67067576d070,downstream_gene_variant,,chr1:g.44758053G>T
KIF2C,c2e66cf4-39c9-596e-b979-67067576d070,upstream_gene_variant,,chr1:g.44758053G>T
KIF2C,b2086db2-1a86-582f-b629-94cb6005a2f4,missense_variant,T578S,chr1:g.44761964A>T
KIF2C,b2086db2-1a86-582f-b629-94cb6005a2f4,upstream_gene_variant,,chr1:g.44761964A>T
KIF2C,b2086db2-1a86-582f-b629-94cb6005a2f4,downstream_gene_variant,,chr1:g.44761964A>T
KIF2C,b2086db2-1a86-582f-b629-94cb6005a2f4,missense_variant,T524S,chr1:g.44761964A>T
KIF2C,b2086db2-1a86-582f-b629-94cb6005a2f4,downstream_gene_variant,,chr1:g.44761964A>T
KIF2C,b2086db2-1a86-582f-b629-94cb6005a2f4,missense_variant,T56S,chr1:g.44761964A>T
KIF2C,78a50b82-f34d-58b6-af92-80890aebac24,stop_gained,E613*,chr1:g.44766853G>T
KIF2C,78a50b82-f34d-58b6-af92-80890aebac24,downstream_gene_variant,,chr1:g.44766853G>T
KIF2C,78a50b82-f34d-58b6-af92-80890aebac24,stop_gained,E667*,chr1:g.44766853G>T
KIF2C,78a50b82-f34d-58b6-af92-80890aebac24,non_coding_transcript_exon_variant,,chr1:g.44766853G>T
KIF2C,12c9580e-e019-5d42-992d-7a28d7544845,downstream_gene_variant,,chr1:g.44760680G>C
KIF2C,12c9580e-e019-5d42-992d-7a28d7544845,upstream_gene_variant,,chr1:g.44760680G>C
KIF2C,12c9580e-e019-5d42-992d-7a28d7544845,missense_variant,G500A,chr1:g.44760680G>C
KIF2C,12c9580e-e019-5d42-992d-7a28d7544845,missense_variant,G32A,chr1:g.44760680G>C
KIF2C,12c9580e-e019-5d42-992d-7a28d7544845,missense_variant,G554A,chr1:g.44760680G>C
KIF2C,12c9580e-e019-5d42-992d-7a28d7544845,downstream_gene_variant,,chr1:g.44760680G>C
KIF2C,12c9580e-e019-5d42-992d-7a28d7544845,downstream_gene_variant,,chr1:g.44760680G>C
KIF2C,5ff99491-dc3f-5464-9926-1a165e9543c1,splice_acceptor_variant,X254_splice,chr1:g.44755928G>T
KIF2C,5ff99491-dc3f-5464-9926-1a165e9543c1,splice_acceptor_variant,X245_splice,chr1:g.44755928G>T
KIF2C,5ff99491-dc3f-5464-9926-1a165e9543c1,splice_acceptor_variant,X200_splice,chr1:g.44755928G>T
KIF2C,5ff99491-dc3f-5464-9926-1a165e9543c1,intron_variant,,chr1:g.44755928G>T
KIF2C,5ff99491-dc3f-5464-9926-1a165e9543c1,splice_acceptor_variant,X213_splice,chr1:g.44755928G>T
KIF2C,5ff99491-dc3f-5464-9926-1a165e9543c1,downstream_gene_variant,,chr1:g.44755928G>T
KIF2C,5ff99491-dc3f-5464-9926-1a165e9543c1,upstream_gene_variant,,chr1:g.44755928G>T
