Gene_set,Term,Overlap,P-value,Adjusted P-value,Old P-value,Old Adjusted P-value,Odds Ratio,Combined Score,Genes,direction
GO_Biological_Process_2023,Cilium Movement (GO:0003341),24/59,5.1281645125866176e-08,8.625386770073768e-05,0,0,4.8301504062698095,81.0785808272002,DNAI4;CFAP61;DNAI2;RSPH4A;DNAI3;CFAP73;SPEF1;DNAH7;SPAG6;DNAAF1;CFAP91;DNAAF6;DNAH9;RSPH9;TTC29;CFAP100;TEKT1;HYDIN;TEKT2;TEKT3;ROPN1L;TEKT4;CFAP53;DNAI1,Down
GO_Biological_Process_2023,Positive Regulation Of ERK1 And ERK2 Cascade (GO:0070374),49/179,6.402487861849806e-08,8.625386770073768e-05,0,0,2.667491066390822,44.18430628738892,FLT4;ADRA1D;ARRB1;FGF2;CX3CL1;BMPER;GLIPR2;GPER1;FFAR4;TNFAIP8L3;CCN2;CD36;MUSK;NRG1;NPNT;MTURN;ROR1;GAS6;CD44;DDR2;CCL14;NDRG4;RAMP3;ALOX15;C5AR1;PDGFB;FPR2;PLA2G5;AGER;ERBB4;P2RY1;CCL2;ALKAL2;CCL18;CCL16;CCL24;NTRK2;CCL23;ANGPT1;NTRK3;PLA2G2A;SCIMP;MARCO;BMP2;TEK;FGFR4;FERMT2;FGFR2;FGF10,Down
GO_Biological_Process_2023,Regulation Of ERK1 And ERK2 Cascade (GO:0070372),61/244,6.567553378228757e-08,8.625386770073768e-05,0,0,2.3633633633633635,39.086578039522266,FLT4;ADRA1D;ARRB1;FGF2;CX3CL1;BMPER;GLIPR2;GPER1;FFAR4;TIMP3;SIRPA;TNFAIP8L3;CCN2;CD36;SEMA6A;MUSK;NRG1;NPNT;DUSP26;MTURN;TGFBR3;IL1B;ROR1;GAS6;TLR4;CD44;DDR2;CCL14;NDRG4;RAMP3;ALOX15;C5AR1;PDGFB;FBLN1;FPR2;PLA2G5;AGER;RRAS;ERBB4;P2RY1;CCL2;ALKAL2;CCL18;CCL16;CCL24;NTRK2;PTPN1;CCL23;ANGPT1;NTRK3;PLA2G2A;DAB2IP;SCIMP;MARCO;BMP2;NEK10;TEK;FGFR4;FERMT2;FGFR2;FGF10,Down
GO_Biological_Process_2023,Positive Regulation Of MAPK Cascade (GO:0043410),72/310,1.1201458741929197e-07,0.00011033436860800258,0,0,2.1477622723297465,34.37415494957071,FLT4;LRRK2;ADRA1D;ARRB1;FGF2;CX3CL1;GHR;BMPER;GLIPR2;GPER1;FFAR4;PLCE1;TNFAIP8L3;CCN2;CD36;EDN1;MUSK;EDN3;NRG1;NPNT;MTURN;DOK2;IL1B;DOK6;ROR1;GAS6;TLR4;CD44;JCAD;DDR2;CCL14;NDRG4;RAMP3;PLA2G1B;ALOX15;C5AR1;PDGFB;FPR2;PLA2G5;ADRB2;AGER;ART4;PIK3R5;ERBB4;P2RY1;S100A12;CCL2;ALKAL2;CCL18;CCL16;CCL24;NTRK2;CCL23;TGFB2;ANGPT1;CAV2;IL34;NTRK3;PLA2G2A;DAB2IP;LAPTM5;SCIMP;MARCO;EPGN;BMP2;IL6;NEK10;TEK;FGFR4;FERMT2;FGFR2;FGF10,Down
GO_Biological_Process_2023,Regulation Of Angiogenesis (GO:0045765),51/205,8.91931748358625e-07,0.0007028422177065965,0,0,2.342357683099934,32.62875259460744,SEMA5A;HSPB6;PTPRM;TNFAIP3;TSPAN12;ETS1;FGF2;AQP1;CDH5;BMPER;HYAL1;ADAMTS1;ITGAX;EMILIN2;CD34;HOXA5;PPP1R16B;SEMA6A;PTGIS;ANXA3;KRT1;GAB1;EMP2;NRG1;VASH1;DCN;CLDN5;IL1A;IL1B;RHOJ;COL4A3;APLNR;PPARG;RAMP2;NPR1;GATA6;ECSCR;GATA2;RRAS;ALOX5;SASH1;ANGPT4;TGFB2;TNFSF12;DAB2IP;VEGFD;KLF4;IL6;RGCC;TEK;PF4,Down
GO_Biological_Process_2023,Actomyosin Structure Organization (GO:0031032),26/77,1.1101824144873778e-06,0.0007290197855133781,0,0,3.5906496631757263,49.23134804821888,LMOD1;ARRB1;LMOD3;MYLK3;MYOM2;PDLIM1;EPB41L2;EPB41L3;ANKRD1;CAPN3;PGM5;PHACTR1;MYH11;MYOZ1;MYOZ2;MYH10;TMOD1;ACTN2;TMOD2;SORBS1;FHDC1;KLHL41;FRMD3;SYNPO2L;TNNT3;MYL9,Down
GO_Biological_Process_2023,Cell-Cell Adhesion Via Plasma-Membrane Adhesion Molecules (GO:0098742),44/172,2.209499567996387e-06,0.0012436326139865,0,0,2.4280576453843024,31.61997436628482,PTPRT;ROBO2;ROBO4;AMIGO1;LRRC4;GATA5;PTPRM;NEXN;ITGAL;CDH5;SLITRK2;FLRT3;SLITRK3;HMCN2;CDH23;SCARF1;LRRC4B;NTNG1;CADM3;TGFB2;GRID2;CADM1;CNTN6;CRTAM;PCDHGC3;SELE;TGFBR2;PTPRD;SELP;CLDN11;CLDN5;MAG;JAML;CDH10;CDHR3;PECAM1;CDH13;CLDN18;DCHS1;ESAM;PCDHB4;FAT4;CEACAM8;ADGRL3,Down
GO_Biological_Process_2023,Bleb Assembly (GO:0032060),6/6,3.821854026499371e-06,0.0018822631080509,0,0,104982.0,1309626.8191646354,P2RX7;PMP22;EMP1;EMP2;EMP3;MYLK,Down
GO_Biological_Process_2023,Inflammatory Response (GO:0006954),54/236,6.601487703151634e-06,0.002889984616713,0,0,2.09776136480914,25.0225496789673,NRROS;CXCL3;ITGAL;CXCL2;CX3CL1;CRHBP;ADGRE5;HYAL1;CCRL2;PROK2;OLR1;PTGIR;SLC11A1;NFAM1;IL13;CYBB;FOS;IL1A;IL1B;AGTR1;AGTR2;TLR4;CD44;CCL14;PTGER4;PTGFR;ALOX15;C5AR1;FPR1;FPR2;NLRC4;MEFV;ADCY8;AGER;IL1RL1;SCUBE1;CXCR2;CCL2;CCL18;CCL16;AOC3;CCL24;CCL23;ODAM;PPBP;LYZ;SELE;BMP2;IL6;SIGLEC1;ACKR1;IL17D;CDO1;PF4,Down
GO_Biological_Process_2023,Second-Messenger-Mediated Signaling (GO:0019932),23/72,1.2978473003812572e-05,0.0048530528289171,0,0,3.3023699802501647,37.158988571884144,P2RY12;RYR2;EDN1;EDN3;PTGDR2;LRRK2;FPR1;NDNF;FPR2;SELE;CNKSR2;RCAN1;FCGR3A;SAMD14;EDNRB;AGTR1;BTK;PLCE1;NMUR2;NMUR1;CD36;NOS1;AGTR2,Down
GO_Biological_Process_2023,Neutrophil Migration (GO:1990266),24/77,1.354913226347422e-05,0.0048530528289171,0,0,3.186433969875254,35.717337584521346,CCL14;CCL24;EDN1;CCL23;TGFB2;FCER1G;EDN3;PLA2G1B;EMP2;PPBP;CXCL3;CXCL2;CX3CL1;JAML;CXCR1;CXCR2;PECAM1;CCL2;S100A12;NCKAP1L;CD300H;CCL18;CCL16;PF4,Down
GO_Biological_Process_2023,Axoneme Assembly (GO:0035082),16/41,1.6189812704901647e-05,0.0051924950362604,0,0,4.4962123039807,49.59829505411511,DNAI4;CFAP74;RSPH4A;SPEF1;DNAAF3;DNAAF1;CFAP91;DNAAF6;RSPH9;RP1;RSPH1;HYDIN;CFAP46;JHY;CCDC65;HOATZ,Down
GO_Biological_Process_2023,Adenylate Cyclase-Modulating G Protein-Coupled Receptor Signaling Pathway (GO:0007188),40/163,1.817001341460992e-05,0.0051924950362604,0,0,2.2939834757665483,25.040522453902376,CHRM2;PTGER4;PTGFR;VIPR1;ADCYAP1R1;RAMP2;CALCRL;RAMP3;GPR65;FPR1;ADCY4;ADRA1D;ADRB2;FPR2;PTH1R;ADCY8;ADGRE1;AKAP12;GRK5;ADGRE5;CNR1;ADGRE3;GPER1;P2RY12;PTGIR;PDE2A;AVPR2;GLP2R;GPR4;MARCO;ADGRD1;ADCY9;ADGRB3;GNAQ;ADGRF5;ADGRL4;VIP;ADGRL2;ADGRL3;PF4,Down
GO_Biological_Process_2023,Defense Response To Tumor Cell (GO:0002357),8/12,1.8450489976560116e-05,0.0051924950362604,0,0,14.02244488977956,152.8505335488584,SPI1;DAPK1;LAPTM5;PRF1;CASC2;DLEC1;KLF4;RBMS3,Down
GO_Biological_Process_2023,Venous Blood Vessel Development (GO:0060841),6/7,2.3889623559399138e-05,0.0062468014360772,0,0,42.04084901882258,447.4015048366564,ACVRL1;CCBE1;BMPR2;FOXF1;APLNR;ENG,Down
GO_Biological_Process_2023,Neutrophil Chemotaxis (GO:0030593),22/70,2.6472830958237132e-05,0.0062468014360772,0,0,3.2234817949751444,33.9735369454809,CCL14;CCL24;EDN1;CCL23;TGFB2;FCER1G;EDN3;PLA2G1B;PPBP;CXCL3;CXCL2;CX3CL1;JAML;CXCR1;CXCR2;CCL2;S100A12;NCKAP1L;CD300H;CCL18;CCL16;PF4,Down
GO_Biological_Process_2023,Regulation Of Macrophage Derived Foam Cell Differentiation (GO:0010743),13/30,2.6953204165815643e-05,0.0062468014360772,0,0,5.368296716276872,56.48204202849016,CETP;MSR1;PRKCH;PLA2G2A;PLA2G3;PLA2G5;NFKBIA;AGTR1;PPARG;CD36;LCP1;ABCG1;PF4,Down
GO_Biological_Process_2023,Cellular Response To Transforming Growth Factor Beta Stimulus (GO:0071560),27/96,3.246840795023998e-05,0.0071069737402191,0,0,2.7543021704010675,28.46638223880062,ACVRL1;NRROS;ZFYVE9;WFIKKN2;LRRC32;CDH5;CLEC3B;HYAL2;ANKRD1;LPXN;WNT2;SOX5;GDF10;JUN;TGFB2;PDE2A;APOA1;SMAD9;WNT7A;FOS;SMAD6;TGFBR2;SMAD7;TGFBR3;CLDN5;FERMT2;ENG,Down
GO_Biological_Process_2023,Vasculature Development (GO:0001944),9/16,3.7085791139425416e-05,0.0076904219520703,0,0,9.016496735021194,91.9887941032928,ACVRL1;CDH5;BMPR2;FOXF1;SOX18;FLT4;NOTCH4;APLNR;TCF21,Down
GO_Biological_Process_2023,Regulation Of Endothelial Cell Proliferation (GO:0001936),26/93,5.045854530066834e-05,0.0099403334242316,0,0,2.730674443687899,27.01827173952433,SEMA5A;BMPR2;FLT4;PDGFB;PTPRM;FGF2;ALOX5;AKT3;ATOH8;PPP1R16B;CCL24;EGR3;ANGPT1;CAV2;CAV1;TIE1;TNFSF12;VEGFD;VASH1;NELL2;NR4A1;BMP2;RGCC;CDH13;TEK;VIP,Down
GO_Biological_Process_2023,Granulocyte Chemotaxis (GO:0071621),22/73,5.441412578541331e-05,0.0102091264568823,0,0,3.033343607495397,29.784057424498048,CCL14;CCL24;EDN1;CCL23;TGFB2;FCER1G;EDN3;PLA2G1B;PPBP;CXCL3;CXCL2;CX3CL1;JAML;CXCR1;CXCR2;CCL2;S100A12;NCKAP1L;CD300H;CCL18;CCL16;PF4,Down
GO_Biological_Process_2023,Positive Regulation Of Response To External Stimulus (GO:0032103),37/155,6.918758767264979e-05,0.0119981801923739,0,0,2.209792156377582,21.166911998074088,PTGER4;PDGFB;FPR2;NLRC4;MEFV;ETS1;CX3CL1;PPM1F;THBD;CAMK2N1;HYAL2;NFKBIZ;S100A12;EMILIN2;SCARF1;SASH1;SNCA;P2RY12;SIGLEC16;IL33;TSLP;RARRES2;PDE2A;PLA2G2A;LY86;SH2D1B;NKG7;NRG1;GPR4;SCIMP;NFKBIA;IL1B;MMRN2;AGTR1;TLR8;LCP1;TLR4,Down
GO_Biological_Process_2023,Positive Regulation Of Macrophage Derived Foam Cell Differentiation (GO:0010744),9/17,7.004013817883251e-05,0.0119981801923739,0,0,7.8889835605453085,75.46950428382578,MSR1;PRKCH;PLA2G2A;AGTR1;PLA2G3;PLA2G5;CD36;LCP1;PF4,Down
GO_Biological_Process_2023,Myofibril Assembly (GO:0030239),16/46,8.429366119026172e-05,0.0134314179843847,0,0,3.745771344323817,35.13984470363506,TMOD1;ACTN2;TMOD2;LMOD1;LMOD3;MYLK3;MYOM2;KLHL41;SYNPO2L;TNNT3;ANKRD1;CAPN3;PGM5;MYOZ1;MYOZ2;MYL9,Down
GO_Biological_Process_2023,Cilium Movement Involved In Cell Motility (GO:0060294),6/8,8.535539566289244e-05,0.0134314179843847,0,0,21.019223067681217,196.92251964776148,DNAI3;TEKT1;TEKT2;TEKT3;RSPH9;TEKT4,Down
GO_Biological_Process_2023,Striated Muscle Cell Development (GO:0055002),8/14,8.863372273959467e-05,0.0134314179843847,0,0,9.347227788911155,87.21896525214741,TMOD1;TMOD2;LMOD1;PGM5;MYOZ1;MYL9;KLHL41;LMOD3,Down
GO_Biological_Process_2023,Sprouting Angiogenesis (GO:0002040),17/52,0.0001235655174748028,0.0180314125500267,0,0,3.4117227904838523,30.701203057112053,SEMA5A;CCBE1;RAMP2;EGR3;ANGPT1;FLT4;VEGFD;FGF2;EFNB2;NR4A1;BMPER;CDH13;ADTRP;SLIT2;TEK;RECK;ENG,Down
GO_Biological_Process_2023,Positive Regulation Of Endothelial Cell Proliferation (GO:0001938),22/77,0.00013129529365515626,0.0184751234643327,0,0,2.8120918984280534,25.13465067349471,SEMA5A;PPP1R16B;CCL24;BMPR2;EGR3;FLT4;TNFSF12;PDGFB;VEGFD;GATA2;FGF2;APLN;NELL2;NR4A1;BMP2;AKT3;AGTR1;APLNR;CDH13;TEK;VIP;JCAD,Down
GO_Biological_Process_2023,Adenylate Cyclase-Activating G Protein-Coupled Receptor Signaling Pathway (GO:0007189),28/110,0.00015985270699413076,0.0217179195019612,0,0,2.4026607538802662,21.002276930700997,PTGER4;PTGFR;RAMP2;CALCRL;RAMP3;GPR65;ADCY4;ADRB1;ADRA1D;ADRB2;PTH1R;ADCY8;ADGRE1;ADGRE5;ADGRE3;GPER1;PTGIR;GPR4;ADGRD1;ADCY9;ADGRB3;GNAQ;ADGRF5;ADGRL4;VIP;ADGRL2;ADGRL3;PF4,Down
GO_Biological_Process_2023,Cellular Response To Cytokine Stimulus (GO:0071345),61/308,0.0001700762264470076,0.0223366777400403,0,0,1.7445214813635863,15.141162194810212,PTPRT;CSF3;PID1;CSF3R;DOCK8;LRRK2;IL5RA;AQP4;MT1X;CX3CL1;MYLK3;GHR;CRHBP;ZFP36;HYAL1;HYAL2;GPER1;ANKRD1;LEPR;SIRPA;CTSG;HLA-DPA1;PTGIS;MME;DAPK1;DUSP1;LIFR;NPNT;DCSTAMP;HCK;IL1A;IL1B;IL3RA;IRF8;GAS6;TLR4;CCL14;SELPLG;PDE1B;ALOX15;CAMK2A;CSF2RB;LILRA1;RHEX;DUOX1;INPP5K;CCL2;CCL18;CCL16;GBP4;EGR1;CCL24;CCL23;PDE2A;DAB2IP;NFKBIA;IL6;CXCL12;MNDA;IL7R;PF4,Down
GO_Biological_Process_2023,Positive Regulation Of Cardiocyte Differentiation (GO:1905209),6/9,0.00022879310175145625,0.0290788651903463,0,0,14.012014417300762,117.4584074455931,EFNB2;MYOCD;TGFB2;WNT3A;GPER1;TBX5,Down
GO_Biological_Process_2023,Enzyme-Linked Receptor Protein Signaling Pathway (GO:0007167),30/124,0.0002510002980361604,0.0306151250149971,0,0,2.245915461451764,18.61876591567454,PTPRT;SHC3;BMPR2;NPR1;FLT4;NEDD9;RASGRP4;ART4;PTPRG;ERBB4;ALKAL2;NTRK2;MUSK;BDNF;NTRK3;TIE1;LIFR;GFRA2;PTPRD;FGR;HCK;DOK2;DOK6;CASS4;ROR1;TEK;FGFR4;FGFR2;ANGPTL1;DDR2,Down
GO_Biological_Process_2023,Regulation Of Epithelial Cell Migration (GO:0010632),16/50,0.0002565641087000051,0.0306151250149971,0,0,3.3043354857021217,27.32068192884713,MACF1;TGFB2;BMPR2;PRKCE;DAB2IP;EMP2;MCC;PPM1F;PTPRG;BMPER;GLIPR2;HYAL1;RHOJ;ENPP2;SASH1;FGF10,Down
GO_Biological_Process_2023,Positive Regulation Of Phagocytosis (GO:0050766),18/60,0.0002690230154849642,0.0306151250149971,0,0,3.010347801092268,24.747207177199478,FCN1;FCN3;COLEC10;FCER1G;SLC11A1;SFTPD;APOA1;FPR2;PLA2G5;CFP;GATA2;SIRPB1;IL1B;SIRPA;CCL2;NCKAP1L;GAS6;CD300LF,Down
GO_Biological_Process_2023,Heart Development (GO:0007507),38/171,0.000271961770437792,0.0306151250149971,0,0,2.0126340191248917,16.523421492742735,ACVRL1;NDRG4;RAMP2;BMPR2;PDGFB;CCM2L;GATA5;LDB3;PCSK5;PDLIM1;AKAP13;GJA1;SCUBE1;PDLIM2;SOX17;SOX18;FLRT3;ERBB4;GJA5;GPC3;PLCE1;SGCG;TGFB2;MYOCD;FOXF1;HEG1;NTRK3;TBX5;TBX3;TGFBR2;APLN;TBX2;TGFBR3;KAT2B;BMP2;SYNPO2L;APLNR;TEK,Down
GO_Biological_Process_2023,Outflow Tract Septum Morphogenesis (GO:0003148),10/24,0.00034190392823179466,0.0374194854787019,0,0,5.009168529024125,39.978077713687085,ROBO2;NELL2;TGFB2;BMPR2;GATA6;SMAD6;FGFR2;TBX2;TGFBR2;ENG,Down
GO_Biological_Process_2023,Regulation Of Cell Migration (GO:0030334),79/434,0.0003654905889431821,0.0379326679853757,0,0,1.5737205410681914,12.454849309917964,SEMA5A;ACVRL1;PTPRT;ROBO4;RIPOR1;FLT4;FAM107A;ADARB1;LDB2;FGF2;VSIR;CX3CL1;MYLK;CXCL16;CDH5;DACH1;GPER1;ITGAX;ENPP2;TNR;EMILIN2;PHACTR1;EDN1;DNAI3;MYOC;LIMCH1;SEMA6D;MITF;FGR;CLDN5;TMSB15A;IL1B;MMRN2;PECAM1;MYADM;CDH13;SGK1;ENG;HBEGF;MACF1;TNXB;SEMA3D;SEMA3B;CAMK2A;PDGFB;SEMA3G;TWIST2;NEDD9;NEXN;PPM1F;NKD1;PARD6B;WNT11;PODXL;ERBB4;PDPN;MGAT3;SLIT2;SCAI;SASH1;NTNG1;CCL24;ACE;F10;FZD4;NTRK3;CAV1;TBX5;SMAD7;IGSF10;DAB2;BMP2;CXCL12;KIF26A;CASS4;AMOTL1;RECK;FERMT2;FERMT3,Down
GO_Biological_Process_2023,Positive Regulation Of Vasculature Development (GO:1904018),26/104,0.0003658480668640298,0.0379326679853757,0,0,2.34409904454313,18.54954122108576,SEMA5A;RAMP2;HSPB6;GATA6;GATA2;ETS1;FGF2;AQP1;CDH5;RRAS;HYAL1;ITGAX;EMILIN2;CD34;SASH1;ANGPT4;PTGIS;ANXA3;TNFSF12;GAB1;EMP2;VEGFD;IL1A;IL1B;APLNR;TEK,Down
GO_Biological_Process_2023,Transforming Growth Factor Beta Receptor Signaling Pathway (GO:0007179),20/72,0.0003930452234808729,0.0397076456542215,0,0,2.7022212584032963,21.18970006519297,ACVRL1;GDF10;JUN;TGFB2;NRROS;ZFYVE9;WFIKKN2;APOA1;SMAD9;FOS;LRRC32;SMAD6;TGFBR2;SMAD7;TGFBR3;CDH5;CLDN5;LPXN;FERMT2;ENG,Down
GO_Biological_Process_2023,Secondary Palate Development (GO:0062009),7/13,0.00041064001398969497,0.0404480413779849,0,0,8.175547542735043,63.75123235137946,TGFBR3;TGFB2;WNT11;WNT3A;WNT7A;LRRC32;TGFBR2,Down
GO_Biological_Process_2023,Striated Muscle Contraction (GO:0006941),17/57,0.0004259034450029459,0.0407503980344223,0,0,2.9844026548672566,23.16283803501867,RYR2;CCDC78;STAC;TNNC1;STAC3;ATP1A2;RCSD1;LMOD3;KLHL41;MYL3;TNNT3;CASQ2;TNNI2;NOS1;SCN3B;SCN4B;SCN2B,Down
GO_Biological_Process_2023,Muscle Contraction (GO:0006936),24/94,0.00043439510595069534,0.0407503980344223,0,0,2.410234541577825,18.65896581085413,TMOD1;RYR2;TMOD2;LMOD1;ADRA1D;LMOD3;MYOM2;KLHL41;MYLK;MYH1;P2RX6;MYH2;DES;SGCA;CASQ2;SCN7A;APBB2;MYH11;NMUR1;NOS1;APBB1;CACNA1S;UTRN;CRYAB,Down
GO_Biological_Process_2023,Regulation Of Muscle Contraction (GO:0006937),11/29,0.000459020032873274,0.0420590448725744,0,0,4.286360799001248,32.94675524589434,CHRM2;CNN1;CAV1;TNNC1;MYL3;TNNT3;PLCE1;NMUR2;ATP1A2;CACNA1S;MYL9,Down
GO_Biological_Process_2023,Regulation Of Endothelial Cell Apoptotic Process (GO:2000351),14/43,0.0005042920618207953,0.0432429990686126,0,0,3.3880384034579736,25.723190211015925,SEMA5A;RAMP2;ANGPT1;IL13;ECSCR;TNFAIP3;NDNF;GATA2;CDH5;RGCC;GPER1;CCL2;TEK;GAS6,Down
GO_Biological_Process_2023,Extracellular Matrix Assembly (GO:0085029),8/17,0.0005063740245573342,0.0432429990686126,0,0,6.23041638833222,47.2778635951534,MFAP4;RAMP2;TNXB;HAS1;MYH11;GAS6;FBLN5;GPM6B,Down
GO_Biological_Process_2023,Coronary Vasculature Development (GO:0060976),5/7,0.0005158428822905566,0.0432429990686126,0,0,17.50900720576461,132.5380777048682,MYOCD;APLNR;GATA6;GPC3;APLN,Down
GO_Biological_Process_2023,Lymphatic Endothelial Cell Differentiation (GO:0060836),5/7,0.0005158428822905566,0.0432429990686126,0,0,17.50900720576461,132.5380777048682,ACVRL1;BMPR2;SOX18;TIE1;PDPN,Down
