Name,Term,ES,NES,NOM p-val,FDR q-val,FWER p-val,Tag %,Gene %,Lead_genes,direction
prerank,G2-M Checkpoint,0.78694324196587,2.4017670321321622,0.0,0.0,0.0,86/199,8.54%,TOP2A;KIF4A;NEK2;CDC20;UBE2C;CENPF;KIF2C;TROAP;CDC6;PLK1;TPX2;EXO1;BIRC5;ORC6;EZH2;STIL;HMGB3;CENPA;AURKB;CCNB2;CDC45;MYBL2;POLQ;MKI67;RAD54L;TTK;KIF11;NDC80;HMMR;ESPL1;GINS2;CCNA2;PBK;CHEK1;KIF15;KNL1;AURKA;BUB1;CENPE;KIF23;CCNF;CDKN3;TRAIP;MAD2L1;PTTG1;E2F2;E2F3;CDK1;KPNA2;CDC25A;HMGA1;SLC7A5;LMNB1;PLK4;KIF22;JPT1;DKC1;TACC3;MCM6;MCM2;HOXC10;CKS1B;DBF4;DTYMK;H2AX;UBE2S;RACGAP1;BARD1;INCENP;XPO1;KIF20B;PRIM2;LIG3;E2F1;EGF;CHAF1A;DDX39A;BUB3;PRC1;MCM3;POLE;KPNB1;CDC7;CBX1;NSD2;ORC5,Activated
prerank,E2F Targets,0.7647891202112103,2.3454490368109826,0.0,0.0,0.0,121/199,16.12%,TOP2A;UBE2T;KIF4A;CDC20;KIF18B;KIF2C;DLGAP5;SPAG5;PLK1;BUB1B;MELK;E2F8;BIRC5;ORC6;DEPDC1;CDCA8;GINS1;CDCA3;EZH2;HMGB3;RRM2;AURKB;CCNB2;PAICS;MYBL2;MKI67;HMMR;ESPL1;CCNE1;CHEK1;SPC24;TK1;HELLS;ASF1B;NME1;MCM4;AURKA;CENPE;CDKN3;MAD2L1;PTTG1;CDK1;TIMELESS;TRIP13;SPC25;GINS4;KPNA2;CDC25A;HMGA1;DONSON;LMNB1;PLK4;KIF22;JPT1;ATAD2;TACC3;CDKN2A;RAD51AP1;MCM6;MCM2;CKS1B;CHEK2;TBRG4;CENPM;TUBG1;DSCC1;H2AX;MXD3;PRDX4;UBE2S;MTHFD2;RACGAP1;BARD1;BRCA1;XPO1;MCM7;PRIM2;LIG1;PCNA;DDX39A;MSH2;TCF19;PRKDC;RANBP1;MCM3;POLE;PMS2;CIT;NOP56;ANP32E;UNG;NCAPD2;EED;POLD2;SLBP;RFC2;ORC2;GINS3;POP7;SSRP1;AK2;NASP;WDR90;POLA2;RFC3;DCTPP1;CDK4;BRCA2;NUP107;PA2G4;CSE1L;MMS22L;CNOT9;NOLC1;TMPO;CTPS1;RAD51C;HMGB2;H2AZ1;RPA3;NUP205,Activated
prerank,Glycolysis,0.6696729067619491,2.0351176506037687,0.0,0.0,0.0,75/195,12.85%,B3GNT3;KIF20A;DEPDC1;SPAG4;CENPA;EFNA3;HS6ST2;HMMR;SLC25A10;KDELR3;AURKA;CDK1;ERO1A;GMPPA;PC;B4GALT2;PFKP;TPBG;EGLN3;PMM2;ABCB6;AK4;MIOX;ENO1;LDHA;GFPT1;CHPF2;FUT8;BIK;ARTN;HSPA5;PPFIA4;COL5A1;SLC37A4;SLC25A13;IGFBP3;TPI1;CLDN3;CASP6;CHPF;PLOD2;SRD5A3;ANKZF1;LCT;CAPN5;COG2;RPE;PKM;GCLC;RARS1;GALE;XYLT2;FKBP4;B4GALT4;VCAN;PSMC4;SLC16A3;B4GALT7;NT5E;TFF3;PAXIP1;PLOD1;CLDN9;B3GAT3;MDH2;COPB2;GPR87;ALDOA;GOT1;B3GAT1;NOL3;POLR3K;BPNT1;NASP;P4HA1,Activated
prerank,Myc Targets V1,0.6453168033019053,1.9711268971435274,0.0,0.0,0.0,103/200,20.69%,CDC20;CDC45;SRPK1;CCNA2;NME1;MCM4;MAD2L1;CCT3;KPNA2;CSTF2;RFC4;GNL3;HSPD1;MCM6;CBX3;MCM2;ILF2;LDHA;HSPE1;RPS10;HDGF;EPRS1;MRPL9;CCT5;SNRPA1;PRDX4;AIMP2;EIF3B;CAD;SRM;XPO1;TYMS;RNPS1;MCM7;PABPC1;PCNA;PPM1G;IARS1;CLNS1A;BUB3;RANBP1;KPNB1;HPRT1;SNRPA;NOP56;XPOT;PSMD14;PSMC4;APEX1;POLD2;NOP16;ORC2;HSP90AB1;HNRNPC;PABPC4;SNRPD1;RRM1;PRPS2;PSMB3;TOMM70;PSMD3;CYC1;SSBP1;VDAC1;PSMB2;PSMA6;CDK4;PA2G4;CCT7;NOLC1;SF3B3;RPS2;CTPS1;H2AZ1;PHB;ABCE1;GOT2;HNRNPA2B1;ACP1;RSL1D1;LSM2;TFDP1;NHP2;NCBP2;SNRPG;PSMC6;MCM5;SMARCC1;NPM1;PGK1;CCT2;HDAC2;IMPDH2;SSB;KARS1;TUFM;LSM7;RAN;TRIM28;CCT4;FBL;PPIA;PSMD1,Activated
prerank,Myc Targets V2,0.7163211814874624,1.885164096618628,0.0,0.0,0.0,41/58,21.55%,PLK1;MCM4;PLK4;GNL3;TFB2M;HSPD1;CBX3;TBRG4;SORD;PUS1;HSPE1;BYSL;AIMP2;SRM;EXOSC5;PRMT3;MRTO4;WDR74;NOP56;UNG;IMP4;NOP16;MPHOSPH10;DCTPP1;CDK4;PA2G4;TCOF1;NOLC1;SUPV3L1;PHB;IPO4;MYBBP1A;WDR43;MCM5;NPM1;NIP7;RRP12;UTP20;LAS1L;PES1;NOC4L,Activated
prerank,Mitotic Spindle,0.5639593120654287,1.7078972217793782,0.0,0.0001895734597156398,0.002,33/198,6.43%,TOP2A;KIF4A;NEK2;CENPF;KIF2C;DLGAP5;ANLN;PLK1;TPX2;BIRC5;CCNB2;TTK;KIF11;NDC80;ESPL1;KIF15;KNTC1;AURKA;BUB1;CENPE;KIF23;ECT2;CDK1;LMNB1;KIF22;PIF1;NET1;RACGAP1;SASS6;INCENP;CEP72;KIF20B;CTTN,Activated
prerank,Unfolded Protein Response,0.587040462550005,1.6950418525662985,0.0,0.00032498307379823964,0.004,50/113,21.70%,ALDH18A1;PSAT1;KDELR3;ERO1A;SLC7A5;DKC1;CKS1B;HSPA5;H2AX;MTHFD2;HYOU1;EXOSC5;HSP90B1;SRPRB;PDIA6;SLC1A4;PREB;NFYA;IARS1;TARS1;YWHAZ;ARFGAP1;EXOSC4;EIF4EBP1;NOP56;CALR;XPOT;EXOSC1;EXOSC2;SHC1;PAIP1;YIF1A;SDAD1;SSR1;FKBP14;ASNS;NOLC1;EIF4A3;TUBB2A;NHP2;DDX10;HSPA9;NOP14;NPM1;SEC31A;LSM4;DDIT4;FUS;CHAC1;BANF1,Activated
prerank,Spermatogenesis,0.5820131651017119,1.6559580884965053,0.0,0.0007819905213270143,0.011,30/110,12.70%,NEK2;KIF2C;EZH2;CCNB2;TTK;NCAPH;YBX2;AURKA;BUB1;CDKN3;CDK1;GAD1;RFC4;SLC2A5;RPL39L;DBF4;SCG5;MAST2;ACRV1;PHKG2;STRBP;COIL;MTNR1A;OAZ3;IDE;PARP2;THEG;TOPBP1;PCSK1N;TNNI3,Activated
prerank,mTORC1 Signaling,0.5423749694482297,1.6510957725092867,0.0,0.000821484992101106,0.013,87/200,21.12%,PLK1;RRM2;PSAT1;SLC2A1;MCM4;AURKA;BUB1;CCNF;ERO1A;CDC25A;SLC7A5;PDK1;GAPDH;EGLN3;HSPD1;SHMT2;AK4;MCM2;ENO1;LDHA;SORD;SLC7A11;HSPE1;SRD5A1;EPRS1;TUBG1;HMBS;HSPA5;GPI;SLC37A4;MTHFD2;TPI1;SERPINH1;PLOD2;HSP90B1;STIP1;SLC1A4;DDX39A;CCT6A;GCLC;FKBP2;YKT6;HPRT1;SDF2L1;CACYBP;CALR;DHFR;PSMD14;UNG;PSMC4;ATP2A2;PSPH;UCHL5;TRIB3;MLLT11;ALDOA;GOT1;P4HA1;TUBA4A;EEF1E1;CTH;SSR1;SLC9A3R1;TOMM40;GMPS;ABCF2;PSMB5;ASNS;TXNRD1;NUP205;TCEA1;SYTL2;HSPA9;G6PD;PSMG1;PSMC6;PGK1;ATP5MC1;GSR;PSME3;PNO1;PSMD12;SLC1A5;PPIA;IDH1;DDIT4;ELOVL6,Activated
prerank,DNA Repair,0.529894718231152,1.5719889290264049,0.001177856301531213,0.0034691943127962083,0.059,51/147,20.96%,ZWINT;NME1;RAD51;FEN1;RFC4;POLR2H;NME4;TYMS;CANT1;POLR1C;LIG1;SEC61A1;POLR2D;PCNA;NELFCD;CSTF3;CCNO;RFC5;POLB;HPRT1;RAE1;VPS37D;SAC3D1;CDA;TMED2;RFC2;SSRP1;TARBP2;ERCC3;POLA2;RFC3;ALYREF;POLR2J;ITPA;RPA3;DGUOK;ERCC2;TAF6;UPF3B;POLR3C;NCBP2;AAAS;ARL6IP1;TAF12;IMPDH2;APRT;ADRM1;PRIM1;ADA;NT5C3A;POLD1,Activated
prerank,Estrogen Response Late,0.4539600017429455,1.3855236665735644,0.009019165727170236,0.04425678586816027,0.57,37/197,8.89%,TOP2A;CDC20;CDC6;KIF20A;STIL;MDK;GINS2;NMU;DNAJC12;TFF1;PTGES;SLC7A5;PLK4;PCP4;PLAC1;PKP3;TPBG;ST14;CXCL14;GAL;SORD;PPIF;LSR;AGR2;GJB3;DLG5;TFPI2;UGDH;IDH2;SLC1A4;MEST;HPRT1;IGSF1;GALE;CDH1;FKBP4;ASCL1,Activated
prerank,UV Response Up,0.390497235973317,1.1625663566177515,0.17592592592592593,0.3519905213270142,1.0,38/157,14.98%,PPAT;ONECUT1;CCNE1;EPCAM;CHRNA5;FEN1;RFC4;POLR2H;POLG2;GAL;CLCN2;LHX2;SHOX2;H2AX;PPIF;CNP;E2F5;SLC6A8;STIP1;TARS1;YKT6;PRPF3;CTSV;CASP3;FKBP4;NPTX2;RET;DGAT1;PARP2;BAK1;SIGMAR1;ALDOA;MMP14;TUBA4A;COL2A1;MARK2;C4BPB;ASNS,Activated
prerank,Epithelial Mesenchymal Transition,0.36280750319944316,1.1068013486878705,0.24944320712694878,0.4852934742982137,1.0,38/200,10.45%,CTHRC1;GREM1;COL11A1;SPP1;MMP1;ADAM12;COL1A1;THBS2;COL3A1;FAP;COL7A1;PRSS2;COL5A2;MMP3;TIMP1;CRLF1;COL5A1;IGFBP3;SPOCK1;COMP;P3H1;SERPINH1;PLOD2;SLC6A8;MCM7;TFPI2;PTHLH;MEST;COPA;LRRC15;CALU;LOXL2;BASP1;VCAN;NT5E;MXRA5;POSTN;PLOD1,Activated
prerank,PI3K/AKT/mTOR  Signaling,0.39229800909077034,1.1027808812665159,0.27764127764127766,0.46277589708869327,1.0,11/103,11.71%,PITX2;SLC2A1;CDK1;PDK1;GNGT1;HSP90B1;E2F1;TRAF2;CALR;TRIB3;CLTC,Activated
prerank,Oxidative Phosphorylation,0.36132307987704687,1.102594900791449,0.2394678492239468,0.43249289099526067,1.0,71/200,32.81%,LDHA;MTX2;GPI;TIMM17A;AIFM1;IDH2;MRPL15;NDUFS6;NDUFS2;MDH2;ATP1B1;LRPPRC;NDUFS8;RHOT2;MRPS12;TOMM70;UQCRH;CYC1;FH;VDAC1;SDHA;TIMM9;TIMM50;SUPV3L1;GOT2;OAT;TIMM10;MRPS30;MRPL35;HSPA9;NDUFV1;PDP1;ATP5MC1;MRPS15;LDHB;COX6C;IDH3G;IDH1;MTRF1;ATP5PD;NDUFV2;SDHC;PMPCA;ECHS1;HSD17B10;NDUFB4;COX6B1;IMMT;CYCS;DLAT;NDUFAB1;ATP5MF;VDAC3;COX6A1;OPA1;PRDX3;MRPL11;ATP5MC3;COX5A;COX5B;UQCRQ;SLC25A12;CS;OXA1L;COX10;ATP5F1C;TIMM13;PDHA1;NDUFS1;ECI1;ATP5MC2,Activated
prerank,KRAS Signaling Dn,0.35669757730292956,1.0718751241025002,0.3089064261555806,0.4893127962085308,1.0,32/178,14.63%,SPTBN2;YBX2;AKR1B10;GPR19;BRDT;LYPD3;TFF2;SHOX2;BARD1;HNF1A;SLC6A3;EGF;MSH5;CKM;KRT15;ENTPD7;HTR1D;KCNQ2;KLHDC8A;CALCB;SLC5A5;CCR8;CALML5;GDNF;CLSTN3;TNNI3;COL2A1;SLC38A3;GAMT;SMPX;SPRR3;KLK8,Activated
prerank,Hypoxia,0.34762113369383363,1.0526289666497635,0.3627232142857143,0.5157290214664064,1.0,27/193,6.65%,EFNA3;SLC2A1;KDELR3;ERO1A;INHA;CP;HOXB9;PDK1;GAPDH;PFKP;TPBG;AK4;SLC2A5;ENO1;LDHA;BCAN;HSPA5;PPFIA4;COL5A1;GPI;SLC37A4;IGFBP3;TPI1;CASP6;ANKZF1;KIF5A;ENO3,Activated
prerank,Xenobiotic Metabolism,0.34159669074098514,1.0323005761559936,0.41189931350114417,0.543349131121643,1.0,44/192,17.96%,PYCR1;XDH;ABCC3;PTGES;GAD1;PC;NQO1;SHMT2;BPHL;ABCC2;HES6;GART;SLC35B1;NFS1;AKR1C2;CASP6;UGDH;GSS;GCKR;HGFAC;GCLC;HPRT1;CCL25;AHCY;SMOX;CDA;ATP2A2;CFB;PTS;ANGPTL3;TDO2;MCCC2;MARCHF6;SPINT2;JUP;TKFC;CBR1;REG1A;PTGR1;ENTPD5;ACP1;AKR1C3;HNF4A;MTHFD1,Activated
prerank,Pperoxisome,0.3617862233042302,1.0236633408879574,0.4289245982694685,0.5390870541282116,1.0,23/103,21.33%,TOP2A;CRABP2;ALB;CRABP1;SLC35B2;ABCB9;PABPC1;IDH2;ABCB4;MSH2;IDE;ERCC3;CTPS1;CDK7;PEX11B;SMARCC1;SLC25A17;PEX13;NR1I2;CACNA1B;IDH1;HSD3B7;GNPAT,Activated
prerank,Angiogenesis,0.39484853832529276,0.9718023040531141,0.5175808720112518,0.6445592417061611,1.0,7/36,10.23%,SPP1;TNFRSF21;COL3A1;COL5A2;TIMP1;VCAN;POSTN,Activated
prerank,Pancreas Beta Cells,0.4098669044585911,0.9676055205025967,0.526241134751773,0.6249424509140148,1.0,13/29,24.41%,PCSK1;PDX1;HNF1A;SRPRB;SYT13;ISL1;SST;SRP9;INSM1;NKX6-1;PAK3;NEUROD1;DPP4,Activated
prerank,Estrogen Response Early,0.28635218451838246,0.8679570391325729,0.7729852440408627,0.8265833692373977,1.0,34/199,16.32%,SYT12;SLC2A1;TFF1;PTGES;SLC7A5;FHL2;LAD1;TPBG;TUBB2B;PPIF;GREB1;TSKU;CANT1;SLC1A4;DEPTOR;ISG20L2;KRT15;KRT8;FKBP4;KRT18;TFF3;UNC119;PMAIP1;KCNK5;RET;TFAP2C;RHOD;SLC9A3R1;FRK;OVOL2;KRT19;MYBL1;NADSYN1;ELOVL2,Activated
prerank,Protein Secretion,0.24686865000866262,0.6915085162677621,0.980319803198032,1.0,1.0,32/96,27.66%,ICA1;COG2;SEC24D;YKT6;BNIP3;KRT18;BET1;TOM1L1;ANP32E;VPS45;TMED2;COPB2;TPD52;CLTC;SCAMP3;ERGIC3;RER1;OCRL;TSPAN8;LMAN1;SEC31A;STX16;ARFGEF1;COPB1;ARCN1;ZW10;SCRN1;ARF1;RAB22A;SOD1;GOSR2;SEC22B,Activated
prerank,Notch Signaling,0.27219772489078875,0.6576192630272888,0.9430555555555555,0.9903554502369668,1.0,2/32,5.28%,KAT2A;DTX2,Activated
prerank,Wnt-beta Catenin Signaling,-0.29144110919161054,-0.8351318151353867,0.7677902621722846,0.8916666666666667,1.0,9/41,12.96%,NOTCH4;NUMB;NOTCH1;CCND2;NKD1;HEY2;PTCH1;HEY1;AXIN2,Suppressed
prerank,Reactive Oxygen Species Pathway,-0.2812639256442559,-0.8753530013892378,0.7580645161290323,0.8466666666666667,0.996996996996997,7/49,8.69%,CAT;GPX3;PDLIM1;JUNB;MBP;PRNP;MSRA,Suppressed
prerank,Interferon Alpha Response,-0.27593407532337066,-0.9151891149379676,0.6878306878306878,0.7613888888888889,0.993993993993994,31/97,20.82%,LAMP3;CCRL2;TMEM140;GBP4;CASP1;B2M;TXNIP;TRIM25;IFIT2;ELF1;CD47;OASL;IFIT3;CD74;IRF1;TRIM21;NCOA7;IL4R;TDRD7;IL15;UBA7;IRF2;SLC25A28;GMPR;CSF1;IFITM2;RSAD2;LPAR6;IL7;LAP3;HLA-C,Suppressed
prerank,Hedgehog Signaling,-0.3408863193038073,-0.9768622294959609,0.48,0.5753623188405796,0.974974974974975,8/36,12.78%,DPYSL2;RTN1;CNTFR;ETS2;HEY2;VLDLR;PTCH1;HEY1,Suppressed
prerank,Apical Surface,-0.3465298228049973,-1.0122140057655737,0.4230769230769231,0.47848484848484846,0.944944944944945,11/43,13.23%,SCUBE1;MDGA1;AKAP7;SRPX;ADIPOR2;NTNG1;TMEM8B;CD160;MAL;CX3CL1;PCSK9,Suppressed
prerank,p53 Pathway,-0.2808038883782459,-1.0260918034588336,0.3620689655172414,0.4592063492063492,0.934934934934935,31/200,8.65%,PPP1R15A;SESN1;HBEGF;PPM1D;KLF4;STOM;CDH13;CD81;ATF3;NOTCH1;BMP2;ZBTB16;CCND2;FOXO3;FOS;JUN;BTG2;RXRA;CDKN2B;PLK3;TSC22D1;CDKN1A;CASP1;NUPR1;AK1;XPC;TXNIP;MXD4;DRAM1;RGS16;PTPN14,Suppressed
prerank,Allograft Rejection,-0.3008056635229033,-1.1158193785630188,0.13761467889908258,0.2528333333333333,0.7537537537537538,62/196,16.74%,FGR;HLA-E;IL6;CFP;APBB1;SPI1;ETS1;IFNGR1;LY86;CCL2;CCND2;GPR65;ITGAL;CTSS;JAK2;PTPN6;B2M;PRF1;IRF8;IL13;DYRK3;SRGN;PF4;IL16;CD4;HLA-DRA;CRTAM;KLRD1;NLRP3;CCR1;HLA-DOA;CD86;WAS;KRT1;IL1B;ICAM1;PTPRC;CD47;NCR1;TGFB2;IL18RAP;IGSF6;IL12RB1;CCND3;CD74;LCP2;PRKCB;NCF4;HLA-DQA1;FLNA;CCL4;SOCS5;TGFB1;TLR3;IL4R;CD247;ITGB2;HCLS1;C2;IL15;HLA-DMB;HLA-DMA,Suppressed
prerank,Fatty Acid Metabolism,-0.3304492877071866,-1.1915543354918476,0.07575757575757576,0.14473684210526316,0.5345345345345346,20/151,9.45%,SERINC1;AOC3;GPD1;INMT;CA4;CD36;ACADL;HSD17B4;LTC4S;DHCR24;HSDL2;ACSL1;GABARAPL1;PTPRG;ACSL4;HMGCS1;IDI1;ADIPOR2;CA2;ACAA2,Suppressed
prerank,Androgen Response,-0.3803392274581954,-1.2680359932760636,0.050761421319796954,0.08814814814814814,0.36436436436436437,20/99,10.27%,PTPN21;ADAMTS1;PIAS1;LIFR;SRF;SELENOP;INSIG1;SGK1;HMGCR;ZMIZ1;DHCR24;TSC22D1;HMGCS1;NCOA4;IDI1;B2M;PTK2B;DBI;GPD1L;SCD,Suppressed
prerank,Bile Acid Metabolism,-0.38153307710449136,-1.2946641439465714,0.03488372093023256,0.07686274509803921,0.3183183183183183,17/106,9.39%,CAT;ABCA8;HSD17B4;CYP27A1;ABCA9;ABCA3;HSD17B6;DHCR24;AQP9;RXRA;ABCA6;ACSL1;RXRG;IDI1;SLCO1A2;ABCA1;NR3C2,Suppressed
prerank,Coagulation,-0.3774792236062297,-1.3154004030643438,0.006535947712418301,0.06812499999999999,0.2702702702702703,38/132,12.67%,PECAM1;F8;THBD;VWF;P2RY1;OLR1;TIMP3;CSRP1;A2M;MAFF;CFD;SERPING1;GP9;PDGFB;PROS1;C1QA;F11;F10;CTSO;LTA4H;LRP1;APOC1;LEFTY2;CPB2;C8B;PF4;PEF1;CPQ;KLF7;FYN;ISCU;GSN;CD9;APOA1;PLEK;RAPGEF3;RGN;THBS1,Suppressed
prerank,Apoptosis,-0.3732193447835472,-1.3513787795150627,0.02702702702702703,0.05444444444444445,0.21621621621621623,42/160,12.64%,CAV1;FEZ1;TGFBR3;ADD1;TIMP3;GPX3;BCL2L2;GADD45B;EMP1;IL6;ETF1;SMAD7;SPTAN1;NEDD9;DCN;IFNGR1;EGR3;ATF3;BMP2;CCND2;JUN;BTG2;CFLAR;CD44;CDKN1A;CASP1;MCL1;PRF1;TXNIP;SATB1;CD69;RARA;IL1B;HMOX1;PEA15;CYLD;GSN;PPP2R5B;TGFB2;TIMP2;ROCK1;IL1A,Suppressed
prerank,KRAS Signaling Up,-0.3794526872759402,-1.3797562282953595,0.010101010101010102,0.045238095238095244,0.17317317317317318,55/197,10.24%,PECAM1;TMEM100;PPP1R15A;HBEGF;SPARCL1;GYPC;MTMR10;PRKG2;ENG;USP12;KLF4;ACE;IL7R;CAB39L;EMP1;IL33;ADGRL4;CDADC1;RETN;ETS1;FLT4;TLR8;GNG11;ETV5;ABCB1;BMP2;CCND2;FCER1G;LAPTM5;EVI5;TNFAIP3;LCP1;CTSS;CD37;LAT2;EPB41L3;SEMA3B;ETV1;RBP4;TSPAN7;IRF8;ARG1;DOCK2;PPBP;RGS16;SATB1;ID2;CA2;WNT7A;CMKLR1;SPRY2;PDCD1LG2;ADGRA2;TSPAN13;TRIB1,Suppressed
prerank,Apical Junction,-0.37518867549392,-1.3879067705686319,0.0,0.045641025641025644,0.16316316316316315,45/194,11.42%,PECAM1;SLIT2;VWF;CLDN5;CD34;MYL9;ACTN2;ARHGEF6;EPB41L2;ICAM2;MYH10;NEXN;RRAS;TJP1;SORBS3;GNAI2;PARVA;SIRPA;CLDN18;INSIG1;NEGR1;AMIGO1;ZYX;JAM3;MPP5;MSN;TSPAN4;AKT3;EVL;NFASC;RSU1;SGCE;MAP3K20;ACTG2;ARPC2;TMEM8B;TAOK2;VCL;CD86;PIK3R3;MAP4K2;ICAM1;PTEN;PTPRC;ITGA10,Suppressed
prerank,Interferon Gamma Response,-0.3823590798638993,-1.405662045931829,0.0,0.04388888888888889,0.14714714714714713,61/200,17.60%,SELP;LATS2;PTPN1;IL6;SERPING1;FPR1;EIF4E3;SAMHD1;P2RY14;SOCS3;CCL2;TNFAIP3;NFKBIA;GBP4;JAK2;CDKN1A;PTPN6;CASP1;MYD88;B2M;IRF8;CSF2RB;TXNIP;TRIM25;PDE4B;CD69;CMKLR1;FCGR1A;CD86;BANK1;HLA-DRB1;ICAM1;IFIT2;OASL;IL10RA;IFIT3;CD74;LCP2;ZNFX1;BTG1;IRF1;HLA-DQA1;TRIM21;LYSMD2;STAT3;IL4R;TDRD7;IL15;MT2A;TNFSF10;HLA-DMA;CD274;NOD1;FGL2;NFKB1;ARID5B;IRF2;SLC25A28;RIPK1;MARCHF1;FAS,Suppressed
prerank,IL-2/STAT5 Signaling,-0.4002326307602181,-1.4627206814401787,0.0,0.029393939393939392,0.09509509509509509,49/199,9.40%,AGER;SLC39A8;BMPR2;GLIPR2;KLF6;IL3RA;SELP;PRKCH;AHNAK;CD83;MAFF;GADD45B;EMP1;MYO1C;DENND5A;PTH1R;LRRC8C;SOCS2;GATA1;MAP3K8;IL18R1;ITIH5;IL1RL1;CD81;IFNGR1;ABCB1;BMP2;CCND2;RORA;GPR65;PLAGL1;GBP4;MAP6;RNH1;CD44;SPRY4;NFIL3;GABARAPL1;NFKBIZ;CDKN1C;IRF8;IL13;RGS16;PRNP;SERPINB6;SWAP70;CA2;SNX14;DRC1,Suppressed
prerank,Complement,-0.42312885162746705,-1.5372293470501415,0.0,0.015,0.044044044044044044,62/199,14.11%,SPOCK2;F8;NOTCH4;DOCK4;OLR1;CD36;ACTN2;CSRP1;MAFF;ZEB1;CALM1;IL6;SERPING1;GP9;PDGFB;PPP2CB;GNAI2;CDH13;SH2B3;C1QA;LIPA;PIK3R5;FCN1;FCER1G;TNFAIP3;EHD1;GNG2;F10;CTSS;JAK2;CTSO;GNGT2;DOCK9;LTA4H;LRP1;CASP5;PHEX;APOC1;CD59;CASP1;S100A12;C1QC;CA2;CPQ;WAS;ITGAM;FYN;ANXA5;RHOG;TIMP2;PLEK;RBSN;GMFB;USP8;ZFPM2;PCSK9;PRCP;PRKCD;PIK3CG;LCP2;IRF1;GNB4,Suppressed
prerank,heme Metabolism,-0.4361351359419522,-1.605441263473181,0.0,0.008518518518518519,0.022022022022022022,44/191,10.22%,TAL1;GYPE;CAT;LMO2;TNS1;HBB;ALAS2;GYPC;SLC4A1;ABCG2;SIDT2;ADD1;ACP5;KAT2B;NEK7;SEC14L1;SDCBP;FBXO7;ACKR1;TRAK2;GATA1;SNCA;AGPAT4;FOXO3;BTG2;HBD;HEBP1;EZH1;RANBP10;NCOA4;SLC22A4;TFRC;TRIM58;MARCHF2;SELENBP1;CA2;VEZF1;TMEM9B;MPP1;NR3C1;SLC66A2;MYL4;GAPVD1;CCDC28A,Suppressed
prerank,IL-6/JAK/STAT3 Signaling,-0.517095197369823,-1.6847041733608028,0.0,0.0037500000000000003,0.008008008008008008,36/86,16.11%,ACVRL1;IL3RA;CD36;PTPN1;A2M;IL6;MAP3K8;IL18R1;SOCS3;LEPR;IL17RA;PIK3R5;IFNGR1;JUN;CXCL3;CNTFR;CD44;MYD88;CSF2RB;IL6ST;PF4;CCR1;IL1R1;IL1B;HMOX1;CD9;CSF3R;IL12RB1;TNFRSF1B;IRF1;TGFB1;GRB2;CBL;STAT3;IL4R;PLA2G2A,Suppressed
prerank,Cholesterol Homeostasis,-0.5237219198336583,-1.6915575789430823,0.004273504273504274,0.0038095238095238095,0.007007007007007007,20/74,12.22%,LDLR;CXCL16;PNRC1;FABP5;ATF3;HMGCR;PPARG;LPL;LSS;STARD4;NFIL3;SREBF2;HMGCS1;IDI1;SEMA3B;CYP51A1;SCD;ACSS2;ANXA5;CD9,Suppressed
prerank,Adipogenesis,-0.49208528015819875,-1.7884850611485326,0.0,0.0011111111111111111,0.002002002002002002,33/195,6.12%,CAVIN2;FABP4;CAT;CAVIN1;SPARCL1;RMDN3;CD36;ANGPT1;GPX3;HSPB8;ACADL;SORBS1;STOM;FZD4;MTARC2;LIFR;RETN;LPCAT3;SLC19A1;ITIH5;CD302;IFNGR1;MYLK;ENPP2;LTC4S;ALDH2;QDPR;RNF11;CYP4B1;PPARG;LPL;SULT1A1;STAT5A,Suppressed
prerank,UV Response Dn,-0.5171113146883063,-1.814874147321741,0.0,0.0013333333333333333,0.002002002002002002,42/144,11.19%,PTPN21;PRKCE;GRK5;CAV1;PLPP3;TGFBR3;LDLR;TGFBR2;DLC1;ADGRL2;SMAD7;NEK7;TJP1;PTPRM;FBLN5;PMP22;EFEMP1;CCN1;APBB2;CELF2;BDNF;INSIG1;DAB2;DUSP1;ZMIZ1;PPARG;SYNE1;RXRA;MAGI2;SDC2;BMPR1A;AKT3;GJA1;CITED2;MAP2K5;NR3C1;VLDLR;ATP2C1;PIK3R3;FYN;WDR37;PTEN,Suppressed
prerank,Myogenesis,-0.503203239875786,-1.838709761137179,0.0,0.0016666666666666666,0.002002002002002002,59/185,11.45%,FHL1;SGCG;VIPR1;TNNC1;HBEGF;COX7A1;MEF2A;CD36;ACTN2;DES;DAPK2;GPX3;HSPB8;GADD45B;CFD;SORBS1;MYH2;CASQ2;GJA5;MYO1C;SPTAN1;MRAS;CRYAB;FGF2;SORBS3;SGCA;CDH13;CAV3;WWTR1;FOXO4;MYH11;ADCY9;LDB3;MYLK;NOTCH1;APLNR;MYL3;MYOM2;MYOZ1;ACSL1;CDKN1A;PYGM;REEP1;AK1;PRNP;CNN3;PTGIS;ABLIM1;SOD3;TNNI2;MYL4;IGFBP7;SCD;DMD;SGCD;LAMA2;PVALB;GSN;TNNT3,Suppressed
prerank,TGF-beta Signaling,-0.682390631532355,-2.0946321335197693,0.0,0.0,0.0,19/54,8.90%,SMAD6;SPTBN1;BMPR2;PPP1R15A;ENG;KLF10;SMAD7;TJP1;WWTR1;JUNB;BMP2;SKI;RHOA;APC;ID3;BMPR1A;LEFTY2;CDKN1C;ID2,Suppressed
prerank,Inflammatory Response,-0.583909874755748,-2.206718642829066,0.0,0.0,0.0,68/199,14.10%,CALCRL;NMUR1;KLF6;HBEGF;LDLR;RNF144B;LAMP3;CSF3;OLR1;MSR1;C5AR1;MARCO;IL7R;ADGRE1;SELE;IL6;FPR1;PTGER4;EDN1;PTGIR;MEFV;SGMS2;SLC31A2;CCRL2;IL18R1;CCL24;GPC3;PIK3R5;BEST1;APLNR;CCL2;PDPN;AQP9;BTG2;NFKBIA;CYBB;PROK2;SCARF1;VIP;EMP3;CDKN1A;AXL;RGS16;ABCA1;PDE4B;CD69;PTAFR;CMKLR1;P2RX7;NLRP3;KCNMB2;ATP2C1;FZD5;IL1R1;IL1B;ICAM1;RHOG;IL18RAP;IL1A;CSF3R;CX3CL1;TNFRSF1B;IL10RA;KCNA3;LCP2;C3AR1;CD82;IRF1,Suppressed
prerank,TNF-alpha Signaling via NF-kB,-0.6577012491621382,-2.421075802760928,0.0,0.0,0.0,72/200,10.24%,PPP1R15A;KLF6;PLPP3;HBEGF;RCAN1;LDLR;KLF9;OLR1;CD83;KLF4;IL7R;MAFF;GADD45B;KLF10;IL6;EGR2;CXCL2;DENND5A;PTGER4;EDN1;FOSB;KLF2;ZFP36;MAP3K8;CCRL2;SOCS3;EGR1;CCN1;NR4A3;PTX3;PNRC1;EGR3;ATF3;JUNB;DUSP1;BMP2;CCL2;DNAJB4;SGK1;KDM6B;FOS;JUN;TNFAIP3;BTG2;EHD1;NFKBIA;CXCL3;CFLAR;STAT5A;NR4A1;CD44;ETS2;NFIL3;TSC22D1;BCL2A1;CDKN1A;MCL1;PER1;NFE2L2;SLC16A6;IL6ST;DRAM1;IER2;ABCA1;ID2;PDE4B;CD69;SERPINB8;SLC2A3;EIF1;LITAF;TRIB1,Suppressed
