cancer_type,n_samples,BIRC5_mean,BIRC5_median,BIRC5_std,CCNB1_mean,CCNB1_median,CCNB1_std,CCNB2_mean,CCNB2_median,CCNB2_std,CDC20_mean,CDC20_median,CDC20_std,KIF2C_mean,KIF2C_median,KIF2C_std
ACC,20,3.718025998807415,3.4163988136719388,1.6984386972957404,5.599138473904183,5.5980540815622195,1.188071049284752,3.6114503102074202,3.0681311719933495,1.6304337220523974,4.025993277995723,3.394183142012274,1.6670551762171106,2.806737477648242,2.261662380315422,1.405822533547141
BLCA,30,4.715078821452069,5.389718612519289,2.0537224246583086,5.5110613493239855,5.8865923049797315,1.7365831514339902,4.559759687141837,4.978309958618566,1.7174011224970174,5.691743724844368,6.081175039812254,2.282851342260525,4.138496099230955,4.327031025436494,1.7948432257714386
BRCA,30,3.6792224204594826,4.109494893293265,1.7982506969327359,5.096629622405163,5.156321728006985,1.4621159831334745,3.6364848305205375,3.862297945818036,1.5245462167517003,4.353848957606405,4.938096846795725,1.9250507871020657,3.2029498054907206,3.45193570932887,1.58492661205397
CESC,23,5.497326261435084,6.0534719651430775,1.7546247784062436,6.631636472281384,6.810745133288677,1.4809648202917367,5.4891501613711915,5.967947858239639,1.6217354985586874,6.691225781311217,7.3309545131465335,2.0555743483633964,5.163016195858373,5.689005558997332,1.5729967975682533
CHOL,29,3.1364827988194763,3.445753184293458,2.043356609936207,3.8357663857078914,4.498199797772926,1.9995097489390927,2.935957725115264,3.7686078061158117,1.9344619104126948,3.6012408612431255,4.242800643780697,2.334584002672993,2.6837264133352225,3.1871976495492866,1.7990284454913104
COAD,30,5.3905992122987145,5.295412658152593,1.0129008513460296,6.329998562243096,6.39083141233729,1.0049400212032686,5.25308681907177,5.118639646107896,0.7475107616853496,6.46913379584431,6.52608767590319,0.8672165785771361,4.4019884267484155,4.253096941245389,0.8836035808692797
DLBC,20,6.50863972045803,6.629631253771645,0.6473792598986039,7.1709557138081035,7.203793611216243,0.6124747242049449,6.005950217140114,6.029873556866663,0.5426347455826576,7.531105651144339,7.404813590429997,0.677731193390077,6.050245620618002,6.096347779121715,0.673767228853231
ESCA,30,4.393587560372099,4.791380460303828,1.836724895202213,5.492700516950247,5.734342542729719,1.7271472190464852,5.035094310065789,5.634365225087311,1.6810029494920018,5.638118455661696,6.24021304350464,1.9005217942147081,4.309027642970085,4.6312267617825835,1.6605814616630334
GBM,25,4.503241486919605,4.871380413854135,2.2635238126106647,5.390673461035764,5.453935643397149,1.5240103648672927,3.717449524859624,3.9165053069683724,1.824338138596439,4.655377795871629,5.195623196049427,1.8289313717032303,3.6971904153427544,4.246613303240872,1.7085699963481435
HNSC,30,5.107136035237847,5.363369051001714,1.5447221435554697,5.859517689343153,5.974756797960224,1.3921867174750815,4.72859795016801,4.88189763491609,1.4676687243897324,6.105945127813344,6.448066587452825,1.5692565473725812,4.166979548379092,4.597775366819521,1.3658767959037548
KICH,30,1.3998940492536966,1.0239933810123822,1.036657583184631,3.4103517633037495,3.3330520907580343,1.0132077319043455,1.7698188346978825,1.4412276729751083,0.9214809852712469,2.0134566073194065,1.8975595687077929,0.9444538028123615,1.2998146001208204,1.2219300012727157,0.6163476222344801
KIRC,30,2.1468328973782187,2.280312837282041,1.2176238688760612,3.609976653166172,3.5272592618436183,0.9789652659517845,2.258897491729815,2.322212422890768,0.9142200250245912,2.683833271001546,2.7719070784145226,1.1553902007849441,1.8802373682743587,1.869497880684665,0.8591619685605832
KIRP,30,1.674622044016927,1.4323080263776404,1.1059769541340763,3.2199630854125925,3.1289407315946542,0.6796896441443235,1.8647658706531793,1.8175407359469422,0.8957649951825875,2.3794897054015403,2.3263833310174897,1.0024134840252856,1.5304078253229652,1.3395739785494918,0.9262707435821659
LAML,25,4.084136254015101,4.3991847685895245,0.9906033238880784,4.943804730356993,4.951256735155465,0.9770446598925481,4.7878602963169925,5.003224424173174,1.06661457348859,4.9185816889059435,5.3169132372768235,1.1310615412817573,4.506481601107152,4.658034348922495,0.877627498104977
LGG,20,2.993816648528808,3.4663503473966397,1.364683891167364,3.8680403543233566,3.8730042866154477,0.7276244939203839,2.5226746018284976,2.627865551100207,1.1638246799223233,3.2361679458317845,3.1767999176299666,1.3684611329764307,2.654321189923863,2.769641966474962,1.0600778323960423
LIHC,30,2.7739100287259664,2.7793543454229033,1.8885760961493763,3.3841671147337027,3.369715389152942,1.935783642436763,2.2338933495796582,2.0750863766735477,1.7555299268846862,3.1966444670636,3.249408319112939,2.198039670454879,1.9425598195866725,1.824239792295367,1.6369453205638813
LUAD,30,3.842131433035886,3.51202290312052,1.9956393614886987,4.8115718656466235,4.741211742117191,1.676315690574016,3.5979180467658534,3.6345206955223643,1.661942001866719,4.4444207428640965,4.42173122722291,2.1111075609671865,3.2303478524952918,2.9404554287549676,1.8517026559628091
LUSC,30,4.726828121304734,5.861213152896921,2.3170909456204956,5.340157836162251,6.240009446291432,1.8884813565520553,4.582130593280088,5.5853707082824045,2.0851993555860746,5.249959141677649,6.256905721918621,2.411257325112612,3.876335718170529,4.658538703289743,2.0351316423416814
MESO,20,5.028997499654233,5.314090140827979,1.4037598808256981,5.959918197854174,5.860425811676226,1.3227664615135866,4.9196753690910295,5.000553189234236,1.2988502227216787,5.986562656258359,6.0473150136052585,1.6407522481363492,4.11206418228508,4.107412601932042,1.287545086338486
OV,20,5.586154681797941,5.574847984532216,0.9456482613369779,6.414825432758586,6.640829753086531,0.8417368225335361,5.6224230000626525,5.655509401593903,0.8801730194779048,7.104528510636136,7.237439173564876,0.8636523802610288,5.030329440332368,4.9690134223974045,1.0422628015640307
PAAD,24,3.682923926098134,3.6093552969513367,1.0683642418224524,4.607699402924058,4.411073076873016,0.833769167802914,3.652405487655883,3.588926708733891,1.0752776919133826,4.517173836760585,4.515839568386575,1.2103170484724723,3.2699373534474674,3.04318583977538,1.0022286915745782
PCPG,23,1.6211117864019904,1.6505807646022403,0.8897771412145691,3.375408234599104,3.403513150524036,0.7205043272905017,1.5878372941024763,1.6196008187201651,0.8442304722474195,1.7146545692254724,1.9020735793107426,0.7228638129824148,1.3796482544953832,1.4182439299120924,0.606176429679335
PRAD,30,2.0695417918968158,1.769152899502986,1.2648233865072716,3.634847985005916,3.645108663687454,0.752412055497123,2.7791687432296124,2.542338781534501,1.0484006329382618,2.4383469314417128,2.279598339537735,1.1138280748210356,1.630394393591845,1.5033232634355613,0.8435490584285765
READ,28,5.332352668807632,5.430142236844885,1.185182946977473,6.096851668946434,6.154181250888795,1.0915771180107172,5.274425111018171,5.379080224315214,0.926600695962094,6.174171548000774,6.47866310526471,1.234598666323166,4.197909233027265,4.350465023817831,1.082583910182168
SARC,22,5.242099592761087,5.5613412434374165,1.6874312913025626,5.76299036848807,6.179233795722914,1.4391473448085201,4.959150637434151,5.392761393932002,1.5075043883031887,5.799482541254949,6.193802365186418,1.7863106049725799,4.510911202336417,4.94389473823974,1.654994250832566
SKCM,21,4.97411408552526,5.028074024827597,1.0415775314884506,5.699586792098384,5.92233820932452,0.9153489676392621,4.411509316054594,4.466118074057104,1.210186357961574,5.708262119362427,5.84328794760729,1.0120683363034946,4.2818139148577945,4.674172490550564,1.0689540103082433
STAD,30,3.7020468489300935,3.9388142426105075,1.4532344094840697,4.9468042710039315,5.160815854096704,1.5238897787014218,4.4836741253253996,4.706391469845574,1.508073062518204,5.189595501843783,5.632594632783307,1.7611004900571174,3.6455717426281358,3.9280674811246157,1.3411758606737862
TGCT,20,5.981766351501449,6.104627549843228,0.982863726517284,7.052064971564799,7.2898098162011875,1.1255521323403956,6.505960095717905,6.816098056063569,1.1323759561485873,7.070436899149473,6.855749444752629,1.1147881273419515,5.9175535274226245,6.081843022588075,0.8280586031501954
THCA,30,1.2783189713615741,1.152627488442664,0.8286937208911866,4.303094943946286,4.253457349453125,0.3437338920493408,2.0735094712758113,2.071830067529875,0.727421030640622,2.6660057632064706,2.426358561201154,0.7683283680489569,1.9205954409088024,1.816680863988895,0.615908076144319
THYM,22,5.683422017953611,5.869404459626482,1.715001597964565,6.125272570053826,6.154020818799629,1.1151783713014611,5.639425034039493,5.8292636449796404,1.6144557027257056,6.6333756656387886,6.691968235079006,1.6995379980485528,5.148048195006283,5.1253453599593435,1.348952587851281
UCEC,30,4.144234850879178,4.887360390704851,1.9949768613187913,5.607083378590525,6.386288504743993,1.6711810546016193,4.299522689037488,4.660942685141897,1.6890215075831914,5.458022017294696,6.199905529470568,2.4271660999763913,3.6534986573494885,4.036999513007403,1.6893313847821365
UCS,20,6.563411824479886,6.593397321098499,0.6931096310600752,7.218123007997564,7.219370721029646,0.5651007397878562,6.070536485821156,6.029560080995562,0.537040567910353,7.731864147020351,7.697741734826577,0.746001834146597,6.0298817083734955,5.968010880450742,0.7764424416605055
UVM,20,2.738367079979988,2.639025899170042,1.0057852304223196,3.9716202540403254,3.9356558624956683,0.8455582996505694,2.3598880615219597,2.4342901230465492,0.866490252669193,3.1628019388279887,3.183114150505135,0.915283335045051,1.9415430199952575,1.9950398183607518,0.731983151228702
