,ME1,ME2,ME3,ME4,ME5,ME6,ME7
TCGA-97-A4M3-01A,-6.040290451415391,-5.424575015190664,3.9295705658399593,2.857424679525496,-0.543160195487922,-22.357902335507756,7.22298476891953
TCGA-49-AAQV-01A,-0.9144160510976828,1.72751818071311,5.5035680399664075,3.2842179336580624,-5.464234746639741,-4.124898464611553,-15.76120035589767
TCGA-50-6595-01A,-1.9420465148743906,-0.5491566572142196,-8.977525882317865,-10.985343080837524,8.884715608995334,0.2374643756147668,-13.564094826833138
TCGA-49-4486-01A,-6.256118547571377,-8.345729116825625,-6.671452950022018,-8.005364198240386,-17.75767482052996,-38.8238641142518,-1.6767320654830875
TCGA-44-6148-01A,6.117696311289928,-0.10265756314489406,-1.1370213632117872,2.675842712876527,7.411504184959348,2.8231512937158296,40.10125720679742
TCGA-69-7761-01A,14.12605925691408,7.6079344868194605,1.689652371667884,1.4837521590532892,2.1743308781441733,14.624617956910422,-8.28892560448292
TCGA-86-8281-01A,5.323927292616996,-0.3506183826089771,0.8408719758968982,0.823726991656604,-2.5386069386558905,-16.004594052414184,5.928703986163423
TCGA-73-4666-01A,-7.779653532411414,2.190832823939288,-1.6994799307834405,-4.070909360998835,-7.101791897669917,13.978542260020376,-32.245215657845215
TCGA-62-8399-01A,-0.6111697587633871,-3.1771435027017696,3.365792724360458,1.6018571065169633,1.7119512709034472,-10.656958633727053,-0.7944771063957901
TCGA-49-AARN-01A,5.501507177488387,1.777566902605691,4.942829188863942,4.90885449683357,-0.6084943183790754,-7.541512529973085,-1.6091592243339445
TCGA-78-7158-01A,-6.505405081556894,-6.1909332957512655,3.0482822108927294,2.7537781389783818,-7.59554444610413,-17.44211793929144,-7.241096893586868
TCGA-55-6978-11A,-8.007179076621403,-2.983392122602286,-2.86870542920737,1.750721031160468,3.7414008090609503,20.85694993060134,52.3737033743556
TCGA-44-2655-11A,-11.416265524126839,-6.046994739467462,-7.233901747882567,-4.167180445217717,11.52985923234817,10.243164758431023,56.01658468685579
TCGA-55-A490-01A,6.7965265820089575,-1.156075614015716,-2.3471325475442018,-3.2335136587145676,-0.13335802203675648,-11.119479050247154,-21.185610825433265
TCGA-05-4389-01A,-0.5399971881601171,1.8352551260058336,-4.364457323529815,-6.344158372391155,-7.568057655193672,9.059363453788524,-19.355666314595
TCGA-62-A46Y-01A,-5.582244103657163,-0.23311347334599758,5.073971250138996,5.931839301732182,-7.013138234438975,8.387634840307424,1.3616546103610143
TCGA-97-8174-01A,2.0020887917002606,0.3466188333983954,3.4155706540483046,5.530392888885187,6.20529472848052,2.3877878665639383,28.442328073040912
TCGA-55-6983-11A,-9.553602338583215,-2.701430724169219,-3.591121834840257,0.876080729714232,-3.0777692862085426,18.873044349558537,36.32866108166843
TCGA-69-A59K-01A,9.091478497683218,4.705490426394309,4.199751262265601,4.962896619464059,-3.4177462959084575,-0.824946286089669,-11.919119005022605
TCGA-44-3918-01B,-4.279309612878353,2.9711428654993672,5.020456457334823,11.15549585397723,4.753559060518063,13.590398772635911,7.67983043331188
TCGA-49-AAR3-01A,6.882347968753722,7.0838419853788475,4.046884048223064,1.7215211718073424,2.13302912886937,14.774112300380837,-24.35825580214821
TCGA-49-4490-11A,-4.385727154570508,-4.608284397290675,-12.134108854761385,-10.703341911433759,5.040145925213517,12.05906942247228,43.55937088621079
TCGA-44-6145-01A,11.715561118044524,6.310861988510046,-3.1326819427841106,-3.031642583508239,3.945334458142378,12.255276999978776,-6.055353700999582
TCGA-99-8025-01A,-0.9274873792022,-2.3824550297276916,2.528117491834386,1.2660347816516395,1.6079739621665292,-16.71036792856215,-3.649164310190352
TCGA-49-AAR4-01A,13.690568499697916,7.638182606697144,7.448258906752915,7.734244658884852,-1.0734773101853337,10.434373683415247,-12.03797103931765
TCGA-MP-A4TF-01A,7.248676346265358,0.0512891736361104,6.594010910798883,4.88650397456098,-7.889834375116759,-18.18545600469882,-24.33062896391673
TCGA-86-8358-01A,2.9748542003386937,-0.1446845305749931,3.878805424897084,2.853207176636934,2.082857754379475,-8.75257305679468,-24.598356536683696
TCGA-86-7714-01A,-12.721266444315773,-6.006337997863065,-3.732174829878903,-0.5292272594760429,-2.5947216047332797,-4.778237411310547,9.285466442419688
TCGA-73-4662-01A,6.838687953817135,3.5204639697705087,0.6892769357528106,0.7402921545484068,-1.9805842769240276,5.467677921687329,3.424938685391271
TCGA-44-8117-01A,-0.03349853074282651,-1.6384613769841443,2.4443725933867744,1.3873139205581397,0.3325853250356422,-13.56684145775015,-11.222022617998821
TCGA-35-5375-01A,2.0467039665864424,-1.2652458304335907,-4.144583558322966,-6.791626366008152,-5.599318600542784,-11.603037474205934,-28.856133758722645
TCGA-97-7547-01A,0.29086803620655943,-1.0092227793183148,-4.996482446040925,-4.219464650934808,0.31667080952979165,-8.066244571257801,10.004961510024325
TCGA-91-8499-01A,1.5315338671888659,-0.7961975238798219,-0.02058320745116137,-1.5217106595117502,-2.5978600145389086,-3.356720162963895,-28.260316029586807
TCGA-91-6849-01A,9.368931397901811,2.369788677094935,-1.3213316777332889,-1.2389086946232963,-4.582056161953746,-0.06749201537714124,8.639557921459508
TCGA-55-7227-01A,-2.479062670898123,1.502929923673078,-0.496308040929486,2.4541444841357882,4.421154674961224,9.68627080915448,5.192079862747555
TCGA-86-A4D0-01A,-2.468389271566884,-2.1045051036007782,3.7305000694549237,0.06766174164977688,-8.781876948936938,-20.276395564544437,-33.04054771049017
TCGA-97-A4M5-01A,-1.285794423465726,0.07416299408766584,3.7744592340187357,5.5200904148302685,4.342892058208377,8.485816289916972,22.199054782588668
TCGA-75-5122-01A,0.4765963277564183,7.4541260626322545,-2.040191859719267,-1.1560778449277511,-5.569067755000573,40.8196867444218,-14.091018080317623
TCGA-86-7701-01A,15.205599452665346,8.379359715592276,-2.741005352829447,-3.1162856812801487,4.2477757727076755,7.095942075067907,-10.435115966332813
TCGA-80-5611-01A,-4.3757838539528,0.20685892915320395,-0.8953365970513548,-3.4747709218497564,-10.719603878771442,9.396571508669172,-33.807379407985714
TCGA-MP-A4T9-01A,-5.502737990137978,-1.1056523294196294,4.150961129723437,5.10454675162053,4.058453449895682,8.176882646972224,10.28752837026938
TCGA-69-7760-01A,-10.519497021564176,-7.159311238333608,-0.5275505674971287,-1.375351971571642,-3.748881932886774,-34.69507236011022,-18.90798680711994
TCGA-MP-A4SY-01A,-4.422949998653493,-3.521568205128031,5.522871602594866,5.3139188593114515,5.08702103975175,-6.600003499435569,-7.473466390208311
TCGA-L9-A7SV-01A,-5.242363127847584,-3.8060367944939255,9.631394318200933,9.062810461605178,-8.173791642039536,-22.462729546218892,-17.430007826757475
TCGA-67-3772-01A,9.114079156462598,0.32592285005299676,-8.784087167517406,-10.919664947008666,2.8035061760779665,-2.347047540147838,7.775765342969451
TCGA-NJ-A4YQ-01A,11.975763226895976,9.84990648297319,4.943043203311079,4.997768740493519,-5.5325551006356015,14.053459503293707,-15.117876284662954
TCGA-44-4112-01A,2.026644609733886,-2.5439592775544315,-0.531608200091871,2.464712905268015,3.227570873714323,-11.522313972411736,-9.001850290919798
TCGA-95-A4VP-01A,0.26653589174644055,3.1829124488414395,5.277702094094166,5.05756217747786,2.1700473018573825,-3.386930036916876,6.45584157506311
TCGA-75-5126-01A,-6.46035839693935,-0.4098191054590227,-6.878561547492241,-7.713831327507202,-1.00332979836299,21.251478556734334,-0.9102604052753112
TCGA-55-8208-01A,15.033869512606765,9.370287941465904,0.2368837290045325,1.3512611219620456,5.064537618420438,26.290952769579857,-0.1718359041840529
TCGA-55-7914-01A,11.483367515709439,3.7205595739246933,0.12656215638988105,0.03944803072317138,-0.7758971611152158,-5.580072595176035,-6.470330343290516
TCGA-44-6776-01A,-6.229795287594122,-6.372489081262688,-3.0266747015874773,-3.1819014659888323,-5.95964792940918,-28.877907520862205,13.119315771677526
TCGA-49-AARE-01A,1.7490405963460565,0.8462118220519413,6.467040452283906,3.743852824478125,-1.5008506095126188,-15.124583438618581,-22.751205771056465
TCGA-44-2668-01A,0.3381521084332973,1.9180392843820497,-4.275802761858919,-6.27709971309476,5.112729396525657,13.6477212587326,-22.437969399594643
TCGA-44-2662-01A,-0.055578216192870865,0.029823429704734967,0.41436404842255786,-1.134391678583841,2.3268180186404788,10.954061585331953,-25.336491752525387
TCGA-95-7948-01A,-0.45248435874006254,-4.94112454415898,1.648503985494944,2.220003258112133,-5.0045059355773525,-21.831532409099097,-7.514628042514536
TCGA-44-7661-01A,-9.328960672900973,0.9769544730785995,-1.8525985632471738,-1.0275540066700357,4.993913025336309,14.638009675864462,-3.0695090686529536
TCGA-67-3770-01A,-9.404892839317126,-4.271332197448949,-2.6500032944186964,-2.2637420457782595,-6.444248905193442,-0.9559818295223013,6.263360374577873
TCGA-55-7725-01A,-5.913772063480732,-0.43939829434669686,0.5257536666437048,3.793962320211149,-11.045071273278259,5.672452104576196,9.036589618117295
TCGA-78-7536-01A,1.4478955427502618,-0.3017189851702788,0.11234238403126759,-3.7759300355725225,-8.041501402842027,-4.850789455499158,-36.08498393035856
TCGA-50-8457-01A,13.75896320811563,5.744705601299386,0.9477635010453922,2.448596032611767,4.69601793749244,10.002859521400493,21.52988980639291
TCGA-55-8090-01A,-0.6983178843941457,-1.7212330428836808,0.783988910214922,1.5645003491316427,-1.2850595448374535,-6.2304845447139545,-2.3329213760123837
TCGA-97-A4M7-01A,6.980101126884335,5.349128082190512,8.100123842629346,8.56778778249039,2.7886801015771487,12.766242321796659,14.857547989390174
TCGA-05-5420-01A,16.227545994147796,8.06481301710557,-4.925340024418685,-6.406755791637353,-5.840425075690763,22.076138936871473,-19.191520057516016
TCGA-55-8511-01A,10.729764706184087,5.658778485363249,4.06018335964892,2.230803391164674,3.6420808915093157,4.767674642151419,-16.766300569264928
TCGA-38-4628-01A,-7.340014948993888,-7.855844971346221,-10.936108816570332,-13.09061987204818,-0.13709770101008373,-9.777045447421111,-9.93850595208481
TCGA-44-6147-11A,-7.374454509692195,-4.81335619406165,-5.040702915627207,-1.847324118306198,7.653970530384983,11.986776948710787,43.65224891951806
TCGA-95-7562-01A,1.6911125356028267,-0.3584685963073033,-7.602742276254792,-10.194068083230578,-3.1242233583396013,-7.8607740008250735,-24.179976048599883
TCGA-69-7980-01A,-5.734129588734775,0.6340658864119538,2.8082864818521514,2.113899492664093,-0.5076623547295714,4.049541312709931,-3.7305145446435732
TCGA-05-4390-01A,6.857103608419746,-1.497490975158443,-3.018666211632449,-6.001730993470641,0.7136903629876572,-15.755017658321009,-25.01237777013245
TCGA-44-6147-01A,5.760763212318524,2.1229412220855326,-0.5279521370197349,2.183445934760577,6.938658468082775,2.382379462832206,18.849095730364148
TCGA-69-7765-01A,9.48143484517593,2.957514778143123,-2.7862698445161462,-2.614364246761981,7.7356277751792915,-0.5522975099070006,1.472693187600488
TCGA-95-7944-01A,-9.258049367799527,3.4562300345338244,0.7543248202652385,0.2852953112145909,-2.1083221747409366,8.40246380180429,-24.54688023562383
TCGA-73-4676-01A,-13.134667615943602,-6.149862212389102,-5.1853063861394455,-7.673244831488732,-5.365180353059052,-8.956745978441749,-14.940752854490468
TCGA-53-7626-01A,8.217457722157453,5.0993676400110965,-4.288659301184604,-4.602767124192788,3.504586976194016,18.417201991814654,19.399193823845255
TCGA-05-4384-01A,-5.919741635436449,-4.355009294609992,3.81665292351726,4.549658177132565,-0.589196326092622,0.3225068217468866,19.074009879699325
TCGA-86-7713-01A,-0.2752085047102348,-3.5345319608374224,2.8141370078739443,0.06233230629132169,-9.456636271884621,-24.037052306610494,-18.993128481047375
TCGA-80-5607-01A,-1.8385726094656951,0.6768964640656256,-1.8260489625830658,-2.274518640462069,-3.1601399618379333,0.6596683037195297,-0.09350364691930929
TCGA-55-1596-01A,-1.4878025068330814,-1.370420149654143,0.864408548811537,-3.368508043987773,-6.951191273782745,-15.176283400455013,-30.95468978692366
TCGA-44-6146-01A,-7.23145638337684,-7.517244392939117,-4.29448728308207,-3.2805199334978665,-2.4901002948471507,-26.89356863800848,10.660771528917387
TCGA-55-7728-01A,0.9613596674988879,4.055487812622997,6.422728647512421,9.074220471461507,-7.555028594377516,22.44832882374857,-0.940292249907354
TCGA-86-8073-01A,-6.330533739837566,-2.7278607806548494,1.8316540070208507,2.9841907178588336,2.5888947007824523,0.5112389019073379,3.1167841291919394
TCGA-38-4627-11A,-6.4338356146424545,-4.11108580605963,-11.160396408131696,-11.169674273732054,9.129313339104797,21.03614507816064,42.782333030955506
TCGA-44-6776-11A,-16.38122787356462,-6.639984379664286,-2.6862106018229217,1.3594336188117428,4.150546707455382,7.088694832142073,54.568048351604375
TCGA-73-4658-01A,3.2438442375985534,1.4980337053129105,-7.68877595360213,-9.462317813352294,9.670266847714949,14.326296048456056,6.059478527676331
TCGA-50-6597-01A,0.6603467947986444,1.3416590648151627,-7.7635844717162446,-9.315565050218286,-8.520473977568098,-8.414027429250776,-4.2199260612244665
TCGA-50-5932-01A,-3.1985908567987513,-6.814546834265317,-2.299074155136111,-4.704182664966246,-6.652809536697688,-23.644744213149455,-4.373736711842282
TCGA-91-6840-01A,3.9582634827332583,1.69281887605963,2.5110749047041296,0.9939336161477791,-0.03377269183167191,-2.6207872198610573,-2.0033388145019555
TCGA-50-5072-01A,-0.3715866836029588,-2.7048196827129742,-5.084418122695391,-7.1206868564852455,1.8189692465348521,-13.415750810346168,-16.176960816507812
TCGA-73-7498-01A,-1.3387467974963432,-0.3089607204690919,6.474320822783764,7.330891950206112,3.7541805539089275,-3.882172582303061,22.648346850283144
TCGA-97-8172-01A,7.275865098669711,6.723768914762088,5.260654028812292,8.238661853878419,7.45917490584507,16.220963883196276,23.43681239250766
TCGA-91-6831-11A,-13.603705902882764,-3.7418593320436466,-3.465976859891926,-0.15728320939257767,6.333730196373155,17.776076953717016,51.974451075519106
TCGA-05-4396-01A,-6.219316125437242,-3.8718501976318027,0.5070650974822549,-0.4673516960042674,-4.776344430764885,-21.727446176970492,-1.9663423603221755
TCGA-55-1595-01A,6.640881604752543,1.9913093153542887,4.178537043088369,5.3041442412230575,4.581410675533786,-4.270570693488753,-6.608351131096955
TCGA-44-2659-01A,8.275047864227767,3.3177744510791136,-0.0835939425176741,1.6641648939160019,4.500092939378697,3.5216172248701936,9.986065243184523
TCGA-50-5932-11A,-9.081885504669915,-5.642170891489687,-5.431165656940981,-1.8397334773413392,9.832444807732713,15.328573004392348,55.42902950239502
TCGA-MN-A4N4-01A,3.8803967136622752,-0.9438643295063874,6.189154138162886,3.629570177236588,6.951225135799196,-9.959125259269092,-10.871256828870855
TCGA-38-4629-01A,5.705084567502896,2.3893078583161462,-9.286043795647734,-12.275112680328073,2.9636106632682626,11.143907553058284,-22.375086007066024
TCGA-50-5935-01A,1.0180041759255964,0.7569033711201689,-1.3886500681296656,-1.6276271100322357,-0.1378171856236083,-1.8675950815052964,8.490710476910605
TCGA-55-7576-01A,-2.805100369501573,-0.5878001948041657,-5.189659995961828,-6.745185911784189,-0.31414445142678676,0.09962651915009663,-9.033295265754235
TCGA-67-3771-01A,11.538074256272298,5.382960219409079,1.8142394951306657,-0.013938079024232696,0.25421863815036305,5.628041270650708,-13.322368101889738
TCGA-38-4626-11A,-9.608332342053348,-5.629410937159858,-6.379177985314548,-4.577070401095477,-0.3207510048739912,26.698152427166626,37.07556520153241
TCGA-50-5066-02A,2.0335393914837456,0.35433931113220046,2.4598508563885493,4.232788589721868,2.5128372686072447,-3.041406202716747,-7.60567453933139
TCGA-75-5146-01A,4.763604622248139,0.2775782103813699,-5.721638341535621,-4.992728971743545,-3.5717460465387596,-3.1880322170839457,11.904801380961285
TCGA-55-7726-01A,3.2663613217282754,-2.168074041404658,-5.0462067687004515,-5.057066278228582,9.19827817172274,-11.359819815282975,-15.054993035845952
TCGA-L9-A5IP-01A,3.2122835401980185,-2.4489011194821453,1.8418158813328114,0.3709236069843952,-5.93453208368486,-18.354229673547344,-25.56367933826605
TCGA-97-7546-01A,0.4690623292519617,1.6294493574418345,-3.1625900548865378,-0.35829733312111345,6.142174300879797,7.824309364848541,27.313377734382364
TCGA-50-5935-11A,-14.422509760386374,-4.644290092100722,-7.860692783127687,-5.158560631367331,10.005241825853831,14.380559099522634,52.94549230477991
TCGA-55-8615-01A,-9.638849585000372,-6.362443739208184,4.941386145237179,2.7040954430683692,-4.425478775447113,-26.696607416161214,-16.368506058104256
TCGA-49-4505-01A,1.9550775981144985,0.9376338623215391,-6.959528914582408,-8.47081016696302,-0.4294470888670987,4.648850990296682,2.5627529897237817
TCGA-38-4631-01A,8.040747599194411,-1.1532683997490605,-3.5040417856332646,-6.721301541817247,-5.734137944892623,-20.589911563862188,-35.409974847815185
TCGA-05-4434-01A,1.5747301726635812,4.677715620514675,1.0855102645377548,1.3773548472570047,2.659142676984825,18.53985162889318,-3.1090395361493175
TCGA-97-8177-01A,0.6902713726217279,1.4174456450431119,1.202770957925295,0.4854262270536967,4.390982326864409,12.205304726147906,9.775228800790494
TCGA-J2-8194-01A,-8.514300329663072,-3.9240949206493467,-0.6371963470735439,-0.9178629316128841,0.17370411949477166,-7.301251045532942,8.745339875243046
TCGA-73-A9RS-01A,-0.5845993293467759,-3.171408260971817,5.5537167823627245,1.3546383358080454,-9.702566215873485,-24.234610773120973,-31.623170106268095
TCGA-38-6178-01A,2.612678924584407,-0.696620303312795,-0.9198678041415658,-1.0005599630200719,6.799086525379882,-8.036045162306506,3.2783953713902854
TCGA-55-7573-01A,1.5692803836949571,3.3053584854133318,3.705019838954466,6.699056640726694,2.708423878081209,7.104219831975275,23.676223255312397
TCGA-55-6986-11A,-9.4736673221088,-3.9644892350295406,0.003384143165630674,4.7788238941135415,7.4403210299458165,11.39586046034195,56.46361185355543
TCGA-86-8585-01A,4.492845638242384,4.718729466311983,6.167227657397567,4.69539994968109,-2.7808642492384728,8.059740115452307,-21.271107616992214
TCGA-97-8179-01A,-15.286657678439399,-6.186630925179207,5.965421816501196,3.7431836391675737,1.2676905231056046,-12.320986494011086,3.5135626133338578
TCGA-91-6835-01A,-8.092599327700478,7.091806146711363,-0.016694305564964977,1.853099973277767,4.146091927379376,30.428453938792362,8.94710949526893
TCGA-62-A471-01A,-6.806519787060502,-4.198272112121367,5.877900566423515,3.1859834870692043,-10.891187566415237,-28.836892240434654,-35.44083849469092
TCGA-NJ-A7XG-01A,-12.834273624152729,-7.746051968433851,7.919951816952587,8.512324937305758,-12.812339416702425,-34.70761624704674,-0.6994428822040766
TCGA-50-6592-01A,4.412581013033799,3.8052700189824926,-1.8143443320352008,-2.794550732463399,2.147637992698863,7.210966166983438,-21.847672885527953
TCGA-86-7954-01A,-3.8465902683543858,3.246559636101246,3.7586771681946924,2.6000276110576572,-1.2021810190738678,17.218751214334844,-8.798843107380446
TCGA-05-4410-01A,12.32860323954306,6.615773049862939,-3.0489636194237963,-1.6422184127739143,-3.1393350812144494,7.789237960571688,-4.375860643253363
TCGA-L4-A4E6-01A,-2.7424922711242794,0.23207432211556236,3.913702582829982,7.641216964839652,2.596036234957421,25.20197380224593,32.29836841068593
TCGA-50-5931-11A,-9.155608254768007,-5.776228500998359,-7.747010787623065,-5.148473051588741,5.032403652751125,10.789870836396585,50.0765629237558
TCGA-55-8621-01A,9.770447907548146,5.09275908726109,0.7087319725085635,3.6359556804293858,4.96443177979613,22.34603648827963,29.849994786346524
TCGA-55-6981-11A,-12.276698475366716,-3.6174106062471307,1.8313038690238423,7.167229672205573,9.072993874300321,19.149959827300737,51.934958262911906
TCGA-67-3773-01A,-0.46341518993414865,-0.23575865113310782,-3.4730906513931696,-1.1131094223514457,-3.590552497565237,3.6793680658623473,8.986822227819248
TCGA-78-7633-01A,-15.850669766463076,-9.523468046917765,-3.021796283613325,-4.2880813728579,-5.884788051582446,-30.893496154332762,9.103248160519337
TCGA-78-7149-01A,-2.133019818163044,-4.898908584474668,-0.22906868512236256,-3.1919686696225633,-2.2782534660545513,-27.531900290251553,7.649742472948465
TCGA-38-4630-01A,-7.173564353898748,-2.109239746178523,5.487987195717083,1.5332317166664384,-0.004793846415355771,-16.316632132281942,-29.9119215693235
TCGA-62-A46P-01A,-5.0220506782016345,-5.202183149620128,4.644640664802693,2.8630292445786956,-9.001535149299814,-24.81814746712549,-4.493868526371395
TCGA-78-7540-01A,-9.244300419800702,-6.235719268473819,-3.6654830700853607,-3.09871949232944,-7.595203861208337,-15.48642153777173,3.8520911958636552
TCGA-44-3917-01B,-2.9331639789512947,0.7053720602623965,6.743836114459906,9.022780825155413,-2.747658548837429,-0.8221158869924315,-16.613785207729304
TCGA-78-8640-01A,4.171541217710598,0.5977094256127494,4.543991813182881,1.1389407481022915,-7.569761102465928,-8.694892476119,-25.897454110155348
TCGA-50-5051-01A,0.2261520010500528,-2.872917351282454,2.992873680231169,3.678473487256805,-3.9285674248297644,-25.396413616085866,-10.9691073414248
TCGA-50-5939-01A,10.586192386616446,2.988677821373491,-6.479568627062489,-8.03861243081726,2.3133901452325025,3.994781777652725,-5.695746692461523
TCGA-44-6146-11A,-3.360350354330969,-1.7818317505803491,-4.196657369469155,0.5428562246162617,9.355790293439398,18.820065127210786,52.15954789264212
TCGA-91-6836-01A,-0.32677485730398603,-2.1524948331462133,-2.683905230412748,-5.2591461016503835,-8.250322872843201,-19.87419203523978,-36.52193451066366
TCGA-64-1677-01A,5.863170797151923,2.3767916631255015,0.7339344064122678,0.13634483331367722,-12.404777073116282,-11.723325923347346,-28.888801211359056
TCGA-55-8619-01A,7.452697673920753,4.808077001759214,1.2539266104115474,3.0589796529749136,3.1162994190993305,20.28994762398206,25.881622886930057
TCGA-55-6980-11A,-0.7186249702176186,-0.23580670176346438,1.42886996702132,6.266443580937636,6.017075499621641,17.58512577301197,52.90893206004962
TCGA-86-8674-01A,-4.6785220587624226,-5.985411760802404,1.541328610629022,-0.5332547031903915,-9.34875815253659,-40.703339656239244,-18.440028097398855
TCGA-38-4625-01A,0.2657544168612479,-0.6957640172403975,-2.1776492598239527,-5.318980394464246,-2.375332031727933,2.32400957969645,-24.30452518588668
TCGA-55-6986-01A,-2.354909468065666,-2.364062872934976,-4.076807971577728,-1.9788075461442527,-3.7806913700617204,-4.88284355922908,4.72263514612752
TCGA-NJ-A4YF-01A,-4.642710455288377,-4.43866445982956,3.53914008665549,0.932007153084625,-6.41715935061813,-28.906803503346044,-28.233898497516336
TCGA-91-6830-01A,-0.7046143247359845,-0.685714220292917,-0.37610741040387313,-0.0023192664528476088,7.107599837153693,8.506693499001972,18.197161555320523
TCGA-78-8660-01A,-0.41478234607795894,4.3140582274779,1.6865782457048248,0.3389420952117769,-4.220563635210697,9.014421931006037,-14.570483749097827
TCGA-55-8204-01A,13.2854236039372,2.1943951416787657,-6.460821814782318,-6.33273168656103,2.578122791658109,-7.9715463449382,-3.6987500912359073
TCGA-55-8302-01A,-1.552008622812027,0.541737318551403,4.737658856233275,2.634480980070381,-5.161966980527862,-4.800151000010935,-20.568497536784196
TCGA-86-8056-01A,-1.933667754541342,-0.5146818788986702,2.9434076444811903,4.948177461530659,-2.2713306787522587,4.850159116658176,14.570912118471549
TCGA-44-6145-11A,-3.6277225017585355,-3.5107564799574824,-4.261824197199708,-1.1703362166409148,3.726689170085532,16.82152452551252,45.917351166020474
TCGA-MP-A4T6-01A,-1.2794634816303982,2.207188937668372,13.277593899158243,12.024372932431557,-9.848460016519024,-2.7600431718622556,-3.4367695100292814
TCGA-55-6970-11A,-0.04790474472351908,1.7346342476864853,-0.9997957492138193,3.613163772896161,6.077465992731131,29.756617838664646,49.00640298571449
TCGA-05-4422-01A,10.741182152803184,5.568939788624074,4.25776658738677,3.8166695711254324,-10.92881027861712,5.688331564385306,-11.821737712444712
TCGA-97-A4M2-01A,5.293091821818967,3.3479105834821765,7.882688421061655,10.638856589340877,0.8595119413599961,23.64807225284026,28.622740189472168
TCGA-62-8397-01A,0.1690086284482322,-4.433676997611272,1.1605312354423754,1.7144437771243017,-6.24675261377012,-12.58400382542162,1.1071684263728485
TCGA-55-7281-01A,-5.87160551012381,-0.8649539154864733,-4.921019263733119,-5.0412542134094025,-0.1670287274408469,6.34123420500121,-0.1418573627607471
TCGA-95-8494-01A,-13.244610244012073,-4.365516398242602,5.1667722511951935,3.7449983671008686,-8.178605093324808,-6.828403237082467,-29.81554933242001
TCGA-78-7161-01A,-3.5926697608086506,-6.164185604427187,5.780013955763204,4.196515484587356,-0.19314728284715507,-33.206353619256504,0.6971050876110598
TCGA-05-4397-01A,-4.743932723150403,-2.356676889340053,1.6379341006136086,-1.3112997622209226,-8.108800783669507,-4.6822592160756535,-30.849420724541908
TCGA-NJ-A55R-01A,5.587912257553889,1.3542214657801792,7.086411499299454,5.852784705073192,2.1611306288816734,-17.974515324416423,-2.9602129722614934
TCGA-49-AARO-01A,2.6874168882627427,4.0864484890113415,7.4720536610612855,6.8197361966110766,3.0757383718058895,11.794561246402443,0.048247695988944635
TCGA-44-A47A-01A,-6.6287575201709865,0.7677386409586331,5.710436505966672,6.966957442577568,-4.178726191059655,7.327756488938841,-7.020129603963857
TCGA-55-7994-01A,-2.4363509218473545,4.396730453370649,2.295404969037882,2.349598225986994,-9.327571133459614,14.920015789567742,-26.90361828484891
TCGA-L4-A4E5-01A,2.3124398698062265,-0.13528257653975886,8.17028094091106,6.7119893596562115,-4.3834317809131305,-18.236264643023503,-24.18508039750684
TCGA-49-4507-01A,3.5097647038464777,2.0687987393306217,-0.31121236648790646,-4.348688085545744,-7.248912864615824,-3.9100743434836076,-33.714243934764575
TCGA-NJ-A55O-01A,-6.234196525110533,-2.814563231720786,2.459661312046458,3.5431394868049724,-5.676696019512493,-0.24006585401637823,8.35179569043618
TCGA-78-7143-01A,-12.967363815414334,-1.7770455259894289,4.491025875897938,4.92230668053542,-6.464021205657662,1.3224814832704097,-6.769689355006486
TCGA-62-8395-01A,0.7285434780388185,-1.9389691384938856,2.886011211506342,3.3441045065466035,3.037109474630165,-7.869969768555227,15.692427174454517
TCGA-55-8094-01A,-12.154314722140622,-8.425900338595515,1.8645116223485731,-0.8465089654305037,-16.40771273962186,-43.31634284006383,-29.036921339282863
TCGA-75-7031-01A,-0.2004655306564878,0.7192415072148113,0.6783265287505996,-0.7842968176017769,-8.679482229974454,-5.298118801548929,-16.691373310009784
TCGA-55-6642-01A,19.21807766729891,6.525873753273014,-5.136642014086953,-4.4346354875584355,10.787205834378453,-4.231210636397636,-5.0423575081802054
TCGA-50-5933-01A,-1.2841878739773929,0.4863754087199067,-5.354252177049945,-7.243223178438694,8.990360923964403,10.598285380963452,-15.048095279626226
TCGA-64-5778-01A,3.8768382902432257,4.79862499353944,-0.33192286737440635,-0.4648322452409306,-10.891117434237144,8.860818998785602,-15.657842955949096
TCGA-50-8460-01A,8.05221205865192,3.3971784535118448,-0.7243201428445859,-0.22532027963702742,-1.7486929963212194,0.08100969562182309,12.438169843692979
TCGA-75-7025-01A,1.0601253144810157,1.348675875064426,6.221623120920445,8.981642424461194,5.634635924817464,4.732689113757609,26.68081578691615
TCGA-44-6777-11A,1.894263178727274,0.11812260885473914,-9.24410227359147,-7.169359644018003,8.749476478846512,21.225466418759563,46.9518670774948
TCGA-99-8033-01A,-3.7133764517493195,0.8304770737986293,5.589090034972817,3.0271979845116865,-2.030712574297381,-3.449056694346392,-23.390069002106724
TCGA-49-6761-11A,-16.230443992494806,-5.794484263864179,-6.959701212388329,-5.266208101195406,3.3841126131889365,14.175914116560065,46.90868863296191
TCGA-44-7671-01A,-5.688927599936782,-7.070457108807135,-7.792186044096707,-9.12342548232855,1.342827180318825,-24.50638468994765,8.502010867316134
TCGA-MP-A4T7-01A,-9.019108903986892,-2.3389071788074527,5.387321612239887,5.379727943255964,-5.71627936124124,-5.067998378909808,-2.728260570443995
TCGA-44-6778-11A,-6.407291747117386,-1.392080947570341,-1.152146285420977,3.566953328230644,7.274201163117484,25.84861648402157,52.29475200985186
TCGA-64-1679-01A,-4.692883909321492,-3.2254015209278672,-7.507327210676402,-9.235865763086053,8.728587909639943,-3.999091525405408,-7.68288997004842
TCGA-78-7159-01A,11.103247444227385,1.835840788022374,1.5861613914236865,-0.4075315683153904,1.256712275472222,-15.859504522493445,-15.450184839217684
TCGA-75-6207-01A,-8.603887554422458,-5.597254048279593,-0.9492521279317058,-2.6758384357266887,-5.779339850767031,-10.052636177416696,-22.119865419911005
TCGA-35-4122-01A,8.901126891689433,2.2239016248941152,-11.813025472870276,-14.265809259989114,-3.3408949744049217,13.174166213579896,-21.53161348960627
TCGA-49-AAR9-01A,-11.0500859319164,-6.064180450685102,1.067341890207998,-3.345810728464426,-5.555861707951832,-33.79826869090622,-38.89445352032842
TCGA-78-7537-01A,6.182562342656352,-0.24152042458718584,-0.8134921020679353,-1.2857702301241867,-2.390021404731484,-20.020360196551465,3.512649033927648
TCGA-55-6968-01A,12.732759122967666,7.210685408453417,-0.8606659942765055,-1.6136604582626817,0.4232209282194129,7.137622247700626,-28.260590259348398
TCGA-NJ-A4YG-01A,-4.621624729179747,-1.6089219174103315,4.482783677500965,5.364582896718565,-2.374639293490858,-0.9759387015915193,-1.1762370394320492
TCGA-53-A4EZ-01A,-9.930842709377089,-2.7582888962255776,6.824838160611319,4.146740296500318,-10.048625762336908,-20.453724890531287,-31.68150730224118
TCGA-50-5930-11A,-5.255894644337563,-6.156876810714556,-7.045384076269062,-4.197081425423797,2.706351129546473,13.4485197763399,45.84065220186815
TCGA-55-8620-01A,5.902026425863933,3.677365138132482,3.008008086072025,2.1909451382271423,-6.802887654751557,-3.8845018564883236,-26.145784521741632
TCGA-75-5147-01A,8.871408709697645,3.2956004493950104,-0.5320194254251892,0.29422903350599283,0.4984542094900563,5.9100834238800894,-10.24885987518265
TCGA-55-5899-01A,-5.327643008491086,-0.10457770040988583,-1.1023627159931106,-4.688353135029016,2.015358813893605,-2.820893313360409,-21.179823841642694
TCGA-55-6983-01A,5.266282372690297,3.6858431888729246,-4.855286201435268,-4.454810237777598,2.9323703885825356,4.4149166036733245,8.040974941565032
TCGA-55-6975-11A,-0.581205379638616,-2.2264308202104903,-1.7566862061102642,2.4203307676851327,4.448666016740421,13.640468631295358,43.42403212952899
TCGA-78-7145-01A,-9.124967871078072,-5.045262700114541,-6.5268607980343,-8.159891161899699,-1.1006282529629716,-9.564173451502603,-13.455539576510361
TCGA-78-8648-01A,15.999480242177265,6.842551651676859,-1.7332668514381826,-0.3526332884394945,13.750845481608826,22.534503563983908,13.25262087649059
TCGA-80-5608-01A,-0.9850379589587055,-3.1887642282903297,-1.9889503345913357,-4.2585271086505285,-7.871403138838775,-18.742021548957638,-12.162043925062921
TCGA-55-7816-01A,-4.4517836564121485,1.0902605680287756,0.30800151200027476,4.386621428951734,10.86909968743263,18.552419570646286,19.810943167650315
TCGA-69-7979-01A,-3.0244398551662934,-4.180481259010832,3.382358532282707,1.853547995956448,0.9600961359469952,-19.97965541442275,-18.133368550324274
TCGA-05-4424-01A,-1.0159875045551714,-0.9451919106524794,-7.256818528206049,-7.158203506507053,3.285589635535712,8.916833422755658,2.5296592271894633
TCGA-50-8459-01A,5.94809012246904,3.5889724056399026,-1.2957065038671982,-0.565448200005518,15.166879270845204,15.567165842443801,13.397221873064883
TCGA-55-8614-01A,2.112836458312434,-0.1074488487016413,3.6266810700004055,2.5312381997515025,6.018535469466012,-10.966254804348406,-1.2758109882957185
TCGA-44-6778-01A,9.862518559994607,7.904433497091076,-0.07892746507462359,1.6097414300504427,2.4020437630397233,30.13622423008029,12.753113850529434
TCGA-44-7660-01A,-2.9508859124129065,-1.9501441818880603,3.9683818696035087,2.927114005636404,-3.2283131546362305,-12.944381491946364,-28.87500590522105
TCGA-49-4512-11A,-0.8361030403965962,-3.0866235920360103,-11.397371188086478,-10.682234438442677,0.3592662913655777,13.771964113829977,36.99894738851824
TCGA-05-4425-01A,-5.502080714993165,0.5957484938610685,-5.8938523322174605,-5.737066030595414,0.5664347250279786,10.639905236844548,-2.9644871822424856
TCGA-05-4249-01A,3.614849639262649,0.6953238678469064,0.624624927978615,0.09763309299542353,-2.7500359354058257,1.804964468339813,5.641445538655853
TCGA-91-8497-01A,11.004427709024647,6.804513907786723,3.9121605556586885,6.0999550045278035,4.185592799051936,14.910288711458737,26.244923703867656
TCGA-50-5068-01A,3.5814338702984174,2.6700376975583033,-4.845755058578171,-4.421550558246814,-3.910924861506556,9.768805966081697,-4.253210224688707
TCGA-99-AA5R-01A,6.293711936969372,5.611787371409638,4.61228905001746,8.439548250315315,5.577155118283763,21.04583718051403,36.469765585962215
TCGA-L9-A444-01A,12.771522811554025,8.466499575571321,6.653030979899948,6.831661638777154,-0.566275048792834,16.520820114687947,-7.772038930827721
TCGA-78-7163-01A,-7.142949418069207,-6.375692709436296,-3.914409324657307,-2.905938272403089,-19.214504789532665,-33.1542709447747,-12.790757258183438
TCGA-49-6761-01A,-4.430519164484834,1.4951575077442623,-4.084274647877131,-6.112746862029228,-4.629240011962243,-3.6838591167825268,-20.83557851132402
TCGA-05-4417-01A,11.019654037767724,5.352759003088306,-6.369551460226208,-7.304967811788119,8.490500162649852,7.106239165750271,2.404019210794012
TCGA-05-5429-01A,0.6287296445922617,-5.1570383990580355,-6.546174285025907,-8.193676304242368,-0.7943273660465525,-24.63098194970825,-15.050449515206713
TCGA-62-A46R-01A,-2.3760908766399513,-0.13936520649656667,6.060634746821018,6.179081293467274,-4.96292652628218,3.2819639241012206,-10.610194907243505
TCGA-99-7458-01A,-4.740673504157607,2.2076963890736434,-2.1975425719425425,1.3342897877015238,3.714808846974339,12.77805006673318,16.272484250375562
TCGA-97-8552-01A,-6.581381560083365,-0.3566721527773388,6.919758541554963,10.158038232616104,-0.30925107072275326,9.688889552161964,28.06160779183584
TCGA-44-5645-01B,-9.775197956294273,-0.5553994797270171,5.664795360986944,13.737724007874709,2.011897680774967,5.688507726850221,26.666156381554302
TCGA-86-8278-01A,6.685586987667698,0.6622669795322944,2.7571414289715492,3.1062171021659766,2.444203437725686,-4.015435824050777,-1.1530737675357798
TCGA-44-7669-01A,0.7308508179965499,1.414739182875102,3.7066175340723704,3.750534260056376,0.007566446496377512,4.61060460704778,-11.000222907113956
TCGA-86-7953-01A,-3.0244073784882244,1.5412715410159497,0.8895780843681612,0.5291755754090725,-0.5296897497840388,9.072522504130987,-16.709302082910284
TCGA-55-A491-01A,9.152690755365825,2.9201898836238778,0.3602610389986792,-0.18609000554855323,-1.2469902797443704,-0.07749884978587852,-14.798524424568283
TCGA-MP-A5C7-01A,-5.654487455252314,-6.194746878370335,8.58255647169368,6.624089524055189,-8.419791235498447,-32.05069852391078,-3.043755474766036
TCGA-05-4433-01A,-11.00419005447462,-1.7464229517038923,-3.2841694445048057,-2.5588649649297084,-4.613134814263627,11.041554160367856,3.0780770726224924
TCGA-95-A4VK-01A,-1.566232754778197,1.8464269506967588,8.967395821953005,7.499737031447181,-1.4348019070286786,-6.988100799950744,-4.73029066098732
TCGA-86-A4P8-01A,-6.230209977062526,1.683688345694781,6.733689205265307,11.317918711987424,5.658592216969534,30.022998321349885,45.35903511557022
TCGA-53-7624-01A,-2.8119398219234135,-1.6324447449071806,-1.2279456828891564,-1.3329221018480228,-5.955776970714838,-13.265152413722832,-36.169854856022354
TCGA-44-6148-11A,-4.73311869113733,-3.449431545619838,-2.4944712650678635,2.0550820424450973,9.818827536041766,15.953766983027243,57.31677916614706
TCGA-55-7995-01A,-6.894231026168607,5.435404629221362,5.161295835143675,5.124540809620069,-2.3443264935985577,18.596640727826514,-18.415626133399005
TCGA-86-8074-01A,1.344972862832885,0.10295970413539836,0.8033706455611379,-1.0432859962596455,5.059636647058037,-0.6666701978376183,-12.240984913840613
TCGA-55-8507-01A,-6.092026985910875,-4.6384653606627575,4.951845501612571,2.373213787839034,-1.0757734578166014,-9.583674367870442,-6.744551592031545
TCGA-55-8514-01A,-4.791876492662956,-3.1629626266249797,7.552950604162447,6.844478198201477,-7.080591437364823,-10.93532440038533,-1.9184659944431914
TCGA-75-6206-01A,-7.189405829739283,-4.354370186423954,-1.2960389550322637,-1.2167969600203021,-0.0018824015031543887,-6.559948297778258,12.942927622452972
TCGA-69-8255-01A,3.6027024718859586,4.214889093215181,3.6966953417167323,0.18777744467541002,-13.217570268273274,-0.8433100246645355,-32.004938642037125
TCGA-78-7150-01A,-4.883099016252332,-5.145191612104312,-5.299873324937579,-7.818420096770959,4.621382469235678,-26.958177490955492,-24.815620783378336
TCGA-55-8085-01A,6.377069045574818,4.222485541153636,4.740086317031833,2.7011447387915792,-5.144679271117478,3.8136618731187095,-19.81486382815823
TCGA-55-8092-01A,18.433600258327775,8.868242899649356,5.581438120713444,5.096683840674303,0.883222647329901,4.113298398451262,-15.71971497854714
TCGA-91-8496-01A,-14.772431218009483,-5.601127757703298,-2.0905746589118883,-2.1884070008757854,-5.3245522221867185,8.830491815960123,17.558352184477492
TCGA-55-7907-01A,3.5822425512950278,2.7534133597611605,-0.4440499474197526,-1.158044368395688,0.8775446053097765,2.7193626283657806,-8.873217121450503
TCGA-50-6595-11A,-10.021340898014575,-3.062484286464337,-4.051691525133216,0.38868790903374245,8.29429477749535,21.066874567268947,55.772382590841126
TCGA-49-6767-01A,-11.158773136674398,-1.6535232823742498,-3.620459830736028,-6.710545437944433,-5.383635904239269,-2.823479498506903,-36.93944277813444
TCGA-55-8508-01A,18.015918292543116,5.383497382187194,3.498572088149832,1.7683030607528605,0.7803326989658969,-12.144212639080903,-13.25456863979367
TCGA-MP-A4TJ-01A,13.706877326934137,10.543587794478901,3.5578444271605494,5.376435894595943,4.601278797325877,23.90300455465348,9.90901566190597
TCGA-86-A456-01A,-4.208291646638314,-0.8505754706203756,7.929654786890441,7.9644184625538585,-2.143041139515155,7.493443200959811,9.014899645925475
TCGA-50-5049-01A,15.535566230269604,9.350103548893237,-8.985796528158824,-9.85894750992676,6.410679898360006,27.39657240426493,-1.4629420902324584
TCGA-55-8301-01A,15.526231406582758,9.171264845418605,0.277876201449186,1.1069107467127333,0.8953055584962798,16.52908239362468,-10.879258719790103
TCGA-55-7724-01A,6.218059947083862,0.6238155932195146,-7.532002992294498,-4.022657609552371,1.23109026294145,10.435446340566111,14.269940424325755
TCGA-55-1592-01A,2.8985704493968267,-0.7793536850805343,3.982664156128365,3.077126380594649,-2.68639411690559,2.399996749649201,-1.960572345483112
TCGA-55-6979-11A,-3.698429994407295,1.000036648572535,-4.079665639059988,-0.5208912046525725,0.8217039759749134,28.22750231861652,38.89116729132728
TCGA-73-7499-01A,5.424485882264199,4.051790882850135,0.001289913911090518,-0.7622600737634206,-3.896309004478426,9.173444724616777,-18.291042556525852
TCGA-44-7670-01A,-6.784563087553517,-2.9367417774452047,-3.177370132295383,-5.513459635177783,-4.022330031416007,-18.051685978248212,-12.839546595081924
TCGA-93-A4JN-01A,10.802864328791856,4.692416105965583,8.953147707650533,8.371497734503848,6.844374918584429,-0.5183141648085877,2.8073407403597637
TCGA-93-A4JQ-01A,4.297765448446611,7.587307275656648,7.031528286006445,8.087821432990975,7.2880515107483035,13.891162581527905,-2.7726707857322808
TCGA-05-4405-01A,7.278453978093448,0.6499061656763616,-0.17366022940689893,0.7237265674503022,7.062365893621397,-0.7839435336086277,5.422286975554873
TCGA-44-A47B-01A,-5.499177125377445,-2.0889563981398522,4.466905957475219,6.1872074345730885,-4.012330787343532,-6.068673299746606,-6.616370322633759
TCGA-MP-A4SV-01A,7.321818856301601,5.61100949123256,7.321547929237304,7.099494346856931,-1.5431064880709158,6.2435589523733475,-14.5954215475727
TCGA-55-1594-01A,3.524147764314129,2.0557653858488902,0.05789731325516988,-1.7852194084692452,-3.919498126067656,-6.488468542284053,-21.189469414943066
TCGA-44-3919-01A,5.743846556399422,4.507778048141907,-0.06481375346973896,0.9148448676516931,1.2755349000038985,12.51018077528284,1.1893749342600042
TCGA-86-8359-01A,3.935504073643561,2.117009797887537,-0.6496517325732792,-2.7476744689595174,-1.0862046503792893,-5.461231914785964,-9.582433744815695
TCGA-62-A46U-01A,-6.634013244606946,4.618086341022869,3.6727479525855298,5.316798006624081,-8.355078929908016,31.54693105360946,-17.770574106082996
TCGA-55-6968-11A,-2.282105839937266,1.2871601760778695,-0.5804866929713507,2.409492838093637,1.5498781835152085,24.92472798834801,33.388875928888844
TCGA-91-7771-01A,5.541573556202914,3.8488652931082536,-0.2473498420272229,0.6577835564132692,3.5589097316720997,12.634713662679701,13.65568679357894
TCGA-73-4676-11A,-6.961208980973686,-4.815507076412861,-10.84917806557322,-10.129510898307027,3.035788475911572,20.26474430271574,43.055715985567346
TCGA-86-8076-01A,8.83576504973373,6.48950493156827,-2.6893734371682116,-2.0861027418525664,-1.3513699358242368,9.636901980470881,10.002260844883478
TCGA-50-5939-11A,-8.486621873947472,-5.980249132448456,-6.897665483681965,-3.6567092230537814,11.795872288186086,15.819266172809543,55.41053739257701
TCGA-50-5933-11A,-4.252738297786996,-4.244787193701854,-5.729636725685359,-2.778761826457427,6.280005027067075,12.974956013477932,51.34370641674597
TCGA-05-4382-01A,12.386974265114844,5.325859093959865,1.2615871191113726,-0.6163858885569774,7.801174028790366,13.095073599793968,-9.360190258430379
TCGA-50-5942-01A,5.3521044170778085,-0.99549029828164,-5.197305280373013,-2.3730937712408067,2.254109375689415,-8.645517824805097,28.716672046418598
TCGA-05-4245-01A,-1.8713351407988417,-2.3616450331006087,-1.8891979593016688,-2.31384403707883,1.751044619209185,-9.31648409147848,-15.04591299645466
TCGA-44-7662-01A,7.45711392928775,2.248793731890546,2.837719022470206,-0.051006953417484284,10.612602520641872,0.34544839629552565,-19.688077110792225
TCGA-55-8206-01A,1.8750437438083902,1.4626572763580052,4.494967503790037,6.916355354554053,2.737049553292928,18.24035861545243,22.89288594193258
TCGA-86-8672-01A,6.249162656848409,4.4631101055068605,1.311587980050991,-0.5124097445970764,4.223778203337874,1.7528688056752468,-24.818268870245358
TCGA-50-5946-01A,-4.6498195460526555,-4.904753149796497,6.258407491541049,4.550395187628735,-6.3549618865920445,-26.82103045179854,-29.5219868201557
TCGA-78-7153-01A,3.388797442499494,-2.280918073116042,-4.774604848439977,-6.676560064230513,-7.373854681652822,-24.266320601891675,-12.218639856535878
TCGA-05-4403-01A,-0.8490304470339732,-2.9297600237813164,-11.036014554403852,-10.780988177490107,-2.276327077562125,2.9617595780148718,7.074283847372931
TCGA-78-8655-01A,-2.5814896999894,-0.27199736399706015,1.414886921778498,1.7608435648466845,-2.966907422356098,5.277400299612279,-1.6105652267684787
TCGA-95-7947-01A,1.3032936110838735,1.1501272025464893,1.8684096903332494,1.8303766963623647,-6.917382702382979,-0.7118508612872274,-11.881663127966473
TCGA-91-6831-01A,10.622895971929289,3.1093177579696274,-2.0339409053941777,-3.309099240869616,6.593811048944478,-3.69893172625763,-23.85212035434877
TCGA-55-6970-01A,7.490730307991088,2.3486235961502486,-4.926509075015157,-5.338635670148525,-3.554424308356136,3.70250481831046,-3.1075471095016347
TCGA-44-A4SU-01A,8.772949955450501,4.348089215780024,10.485748698172154,9.394089074090461,-0.2675172413692484,-7.964874457980873,-1.5365199613465566
TCGA-55-6969-11A,3.9516808667503236,0.8962023711319764,1.8730937278727415,5.73011885739423,4.938267487926607,18.397870476704185,40.74605467479444
TCGA-91-6836-11A,-9.38209112728137,-2.6680766018349935,-2.87749121177021,1.726228428162416,1.5488424563557603,25.436120731285378,47.7397381050743
TCGA-95-7043-01A,-4.494279852254779,-6.195934958485616,-0.5884549020527293,-2.422121556852179,-4.075128839000287,-33.845944602946,-21.98238313345166
TCGA-55-7903-01A,-7.025450401253302,-0.8568783368586427,4.21814080192352,5.151647387072326,-9.055631626363263,-4.601431571177938,-19.794394318003732
TCGA-99-8032-01A,9.953234671728842,2.8699493466884523,3.2039962791769745,2.9331456135445575,6.161363804111831,-10.952928029475846,-5.092408673979885
TCGA-55-6979-01A,10.866086175545737,8.015651552475981,0.6724056522968889,0.3878121926819733,3.827861663805733,23.927950269776563,-7.471727591412554
TCGA-38-A44F-01A,7.858422332443682,5.588579235716763,4.690150372645106,6.6673478002321245,3.0144888373134546,16.267052340725503,23.49209934504773
TCGA-97-8176-01A,-5.625677166947833,-4.381656828329098,2.735571419193582,1.8228802107098163,-4.439270020204491,-7.307497321854496,-14.330535315245182
TCGA-75-5125-01A,2.282111946490501,2.840924654425989,0.8904732490663643,0.4960250954628229,-0.7424707717626297,12.585619097164509,-22.026510882104333
TCGA-44-6774-01A,3.9591643347445276,1.1095659055254734,-4.903204341671885,-5.461640981125943,17.694318144187026,-0.5565622040216545,2.98959659335039
TCGA-44-5644-01A,-0.38230508600964663,-4.406785894597645,7.0662169828032555,4.149592451388026,-4.456308375021826,-30.188097984380327,-24.70188623066278
TCGA-55-6981-01A,-1.8553826548731993,-1.5818595166681153,1.0033727196013753,-0.28215169256067824,-0.44003782443601586,-11.64816183255528,-10.073487948519004
TCGA-44-8119-01A,5.208353480700408,1.2580305810207684,-1.5990200023639414,-2.083559996113533,8.570167832099843,-4.646521795236566,-14.09827589071395
TCGA-73-4670-01A,1.3429205497683465,-4.616729646698466,-3.95190523810212,-7.883046039800841,-0.00952149202642493,-24.285507746128783,-30.25088164874188
TCGA-64-5775-01A,-10.968854451572806,-6.709137042021146,-9.054357133157403,-10.277901941179529,-2.014540528207879,-12.921873928821201,-26.489524938497958
TCGA-91-6848-01A,7.15599900539914,4.817791942825228,-2.6899818005169354,-3.4569762379745526,10.679572948983544,13.508708849715969,-14.645358556262046
TCGA-55-A48Z-01A,8.088653694456788,3.29342728094247,5.293816440152056,5.878976850005412,4.225343663300255,-0.1219021036220942,-12.504540296964226
TCGA-78-7162-01A,2.235642709012837,0.3324656772808927,-7.394609609139503,-7.46807737945836,0.886900798277412,-0.971168922646218,27.104464038916227
TCGA-55-A48Y-01A,9.490149466409934,0.5913587707362897,-4.346959133297743,-5.87522579856892,4.664857574941951,-14.992508484656035,-12.880890673003476
TCGA-64-5779-01A,17.745606872209258,7.1350871562699,3.680512953009575,4.409145161734932,7.515517325299314,-7.675529333079584,-9.120221844602089
TCGA-50-5944-01A,-7.8700294042822465,-5.8741921108011566,-5.472557590569445,-5.365617999333885,8.315159384232272,-4.550294655865702,20.552684929451
TCGA-55-8207-01A,-5.339503767182686,-2.8687158734628246,1.4817576589156893,3.3837763910722454,6.164218249230247,3.8237931837876484,21.783271763463308
TCGA-44-3396-11A,-4.738929547594009,-0.764002440642942,-7.134200403724852,-3.9473350191761134,9.611594464991054,25.49510065463859,53.02926348643409
TCGA-78-8662-01A,-14.819655067507124,-7.7476930071027335,3.6729421931640602,1.563407860466731,-7.4643664160066,-31.17054673542375,-22.141026017575218
TCGA-44-2661-11A,-7.37612201841359,-2.234066137684447,-6.145139219020138,-2.889300543120301,12.93830926883943,22.05343474625268,47.33207019666961
TCGA-05-4398-01A,8.423838857926587,4.2456080641716,3.070655119270023,0.827593863825602,0.6972283775045063,9.013832203478955,-20.610833843271347
TCGA-44-2661-01A,11.48129292735997,6.573509794784805,-1.0589702077920846,0.06072684653874056,1.548413341161607,23.807535867605672,11.84704000169201
TCGA-55-8203-01A,13.048918856689895,6.62075985887366,2.349676645885288,1.0320967163423758,-0.4893617409440853,-1.7128238787902088,-12.120085166352148
TCGA-55-7284-01B,-5.743786252776166,-2.84931878055115,-0.7081327801079853,0.5527027238794227,3.222379889395391,8.341164861542934,23.060008086336317
TCGA-55-6982-11A,-6.80798458977164,0.2569737046656144,-0.35327943145606605,5.077545696046098,7.277318472120774,26.44552581373965,51.39006263268157
TCGA-L9-A443-01A,-2.66866614509658,-1.4427955306694014,6.465342775515015,6.375669759546798,1.7048618868062468,-10.036903210260116,5.127195419354569
TCGA-55-8512-01A,-9.03592002665271,-6.157724221400335,8.328203710012954,9.680533914230002,-0.06717041010795342,-10.57359266455642,28.537503774067517
TCGA-44-6775-01C,-2.574411655824645,0.6915000401606413,3.9153662812446886,9.675836853545768,4.120158024972647,6.35833753642305,14.125394665875891
TCGA-MN-A4N5-01A,-3.957027067345716,1.2193396705747226,8.027400164957838,7.35807909841793,-6.018555254486386,-2.157718231770561,-11.860441329006692
TCGA-MP-A4SW-01A,5.915280016261786,3.285454391668958,7.177661912332672,7.8361203835217585,-3.571354245911456,4.696270775179087,-6.251657671578405
TCGA-49-6744-01A,9.484386282879775,4.79617427915806,-5.071559904249297,-4.742546035785137,6.559439599864902,15.679679628940628,12.063086528965668
TCGA-97-8171-01A,-8.451899386669322,-8.611502261192992,7.339084957173486,4.510832017406628,-11.97738802836533,-32.53925522518932,-16.38968228176182
TCGA-50-6590-01A,14.6502731960539,7.778376535016715,-5.6105403621531655,-6.703655255479277,1.9076339544574044,12.838036699218353,-28.557715984557117
TCGA-05-4402-01A,4.285924370668575,0.9761198184395876,-4.33068337567676,-5.3896576152663656,1.2569588700277847,0.22272778232087742,-3.558362939665809
TCGA-50-5931-01A,-9.740459691898335,-6.778418580629782,3.7450294512067512,2.260065792267584,3.08272693715781,-30.97288837367655,-21.3412675699225
TCGA-NJ-A4YI-01A,-10.440894753516787,-5.039753914037197,5.8069098496723175,5.852651812005444,-2.0282715849860553,-1.7412505065515533,0.5333321360417247
TCGA-73-4677-01A,2.621809782557808,-2.63935180422086,-8.484750129671335,-10.055090296951295,-6.79488870907828,-13.759491585181367,10.142039493052504
TCGA-75-6212-01A,3.940341534326454,2.091160737271964,-5.60153416247181,-4.076539485281834,-5.612408844736054,5.184901644551834,8.001516104412927
TCGA-49-6742-01A,-14.490496880733824,-7.559740334570899,-4.3787558557359585,-5.986655719157923,-4.677402646567264,-23.89862282931427,-10.095157182056848
TCGA-91-A4BD-01A,-1.059170742170601,-2.3772960287283613,1.0076950321469318,3.67457256068469,-13.617757301299275,0.5439444742950071,7.427253786992738
TCGA-49-4501-01A,0.372554728764894,0.16513505067922826,-7.327069995882451,-7.658923827906468,2.934751475948929,0.8442430057751001,9.770654102667992
TCGA-05-5423-01A,-5.0634344053517175,-0.2071263028460062,-4.188882712878164,-3.8391423696833873,-5.7807510802710524,11.319276644889618,4.505349278729714
TCGA-86-6851-01A,16.313803388091667,11.350794254231705,4.463438038875672,5.6320620507801715,-2.7368653992181007,20.66821561616097,-10.909704478336295
TCGA-38-4625-11A,-7.2225008058885125,-6.826716071857946,-9.15497572024843,-7.592733079760007,4.010764147882194,19.571461444285863,47.54691362014844
TCGA-64-1680-01A,-8.125303409748877,-7.093634126169751,-4.228891068463314,-4.092413019105743,-11.563386357249554,-22.294718672917664,0.8495473036925626
TCGA-75-6211-01A,11.15406644295838,1.5655480780724214,-1.2198708873159256,-3.704126205687592,2.442103021995618,-16.300054373496405,-20.84312328179191
TCGA-69-7763-01A,6.113212145721601,-1.5763985786872148,-4.06703093817042,-3.549047650157326,6.085741264906871,-7.588233563636764,18.830608761510735
TCGA-44-6144-11A,-15.013482619772303,-4.065777758038902,-3.6681210354805707,-0.5804882452549057,3.4501641701243306,20.336233352596732,44.78644597370522
TCGA-05-4427-01A,0.335911256411208,-1.3476335591817878,-0.48078444511179125,0.09763361499318987,-1.0034943972285966,-0.5570587325856985,-19.125294902895195
TCGA-71-6725-01A,-9.355470309282502,-8.463368849934485,-0.26103036482451847,-2.2327398744854694,-9.452829952721835,-24.939702945476135,-12.555078403522108
TCGA-67-4679-01B,-7.725279070697559,-3.4528609425304904,5.499556764640824,8.060094541552584,0.5450636359675769,2.3890282443530824,23.84866242832066
TCGA-95-8039-01A,-8.449417059023917,0.9408830146809585,1.1300427240827262,2.390054966528848,-1.7303703031292523,7.948961592298033,4.025679282592699
TCGA-49-AARR-01A,6.674083810901615,2.5383322111127216,5.18785017542968,8.872570159037224,7.726902234764684,9.0245413906948,38.72745863403959
TCGA-L9-A8F4-01A,13.342973192490899,8.3358404946273,8.454072175483,8.381636875104078,1.1359410278297086,9.5954105475087,-18.011063392569636
TCGA-35-4123-01A,-1.4995908766003712,3.2614895717189087,-3.7265166325415033,-6.551220882401345,-0.5073394200834742,14.751906962623751,-26.298084723599896
TCGA-71-8520-01A,-5.409238600043937,-3.3944507635612897,3.968615279152448,2.94782710123273,6.50860743877922,-10.985810090547938,-6.239558055059698
TCGA-49-AARQ-01A,-5.570319918027854,-0.6782640214763016,9.22442711951594,7.791502983947213,-12.474341820301296,-11.620135092563489,-29.745557377799514
TCGA-55-A57B-01A,-10.03057126008892,-2.5581090555509807,7.483639416265418,8.329575931750758,3.8912898537193508,1.7878013285384176,16.459301181107175
TCGA-38-4632-11A,-3.951280264215241,-1.2430301241910502,-9.937002342065686,-8.859076073197857,-1.189192719172279,24.91150006185266,30.283056058933976
TCGA-05-5425-01A,7.347190243918967,3.54991214271807,-3.9134131687362745,-6.183716197981196,-2.761933429543714,12.483418460484513,-12.119873928216888
TCGA-49-4490-01A,-10.521275080696359,-3.559875371662075,0.3310784122923246,-1.2462687945178947,3.3825642357455616,-13.314019269522442,1.039914961320735
TCGA-55-6971-01A,14.659489103038288,9.842531297402932,1.4507574188664842,1.7438288699138214,1.593789890103449,20.10257638281338,2.624791718970231
TCGA-62-8394-01A,-6.432229934710456,-2.295097006358585,2.025525745522279,0.9080323631946557,-3.4888431155210715,-7.798430095726381,-14.339627656663255
TCGA-44-2656-01A,11.230309916865144,6.224839420880406,-1.328071023705829,-1.804575898487327,-0.8461102040262768,19.442625057536922,-4.055343702387729
TCGA-78-7156-01A,-9.939387447528336,-7.062426559945294,3.2922825526410824,3.4394809893928335,-8.013129218774203,-29.037742903937506,12.131358457845762
TCGA-91-6849-11A,-6.458310324406912,-4.853031765333873,-1.4645789286479873,2.611037004866764,8.343663082669545,8.622219777376447,57.59209104042747
TCGA-50-6594-01A,-8.504255762050239,-4.119052305886281,-1.2171498351465295,-3.294942314724499,-3.090320417323647,-12.927450691236562,-29.349269768853894
TCGA-05-5428-01A,-11.475979354972415,-5.5613123422321,-4.333698916176595,-6.617528609280982,-7.91334233838593,-13.702063936895957,-27.721471624032908
TCGA-91-6847-11A,-12.339123337310383,-8.246828613106787,-3.743439343029474,-0.10281007888175574,0.7827528256698515,3.023152609296734,50.298254669347905
TCGA-50-6591-01A,-19.32389378830745,-10.172892002421351,1.6276359479106848,-1.7684895868766835,4.163154279964095,-41.09501187849319,-24.104152152584984
TCGA-05-4395-01A,-6.725188104871279,-3.85552298189845,-4.177310968240164,-9.092311278948381,-10.75478276564982,-14.94921070237444,-32.90606227282475
TCGA-50-5045-01A,11.236073072235936,7.027700607564085,-4.129174158396364,-4.461426784380797,6.252237818061504,21.4453706880967,4.66689194839343
TCGA-78-7539-01A,-2.3187001250551535,1.2890196283232,0.29496044822638146,-0.3293557163435764,-7.3329999556477246,8.624084945372948,-2.645238686756684
TCGA-J2-8192-01A,-0.6033134175558122,0.13631807929732948,1.142573000559989,1.6682112579976507,10.76820146596106,13.10420707376061,10.520143112436742
TCGA-49-6743-11A,-8.148112271822367,-5.099285676553675,-8.19615229801308,-4.6857753485331495,9.375299378053857,12.55110229282652,48.186614820833455
TCGA-38-7271-01A,11.060848993576167,9.947103060034658,-9.32336224300191,-8.78374786261048,6.024821706503804,24.67711178311555,17.235467830221427
TCGA-86-8669-01A,6.527255980824685,1.7959152961029314,1.3737556739373187,1.1810746707136917,-4.412198120942714,-4.304968517156134,-3.7718988135465388
TCGA-38-4632-01A,-0.7334037834506086,0.8081402258785423,-5.96872036207543,-8.403850202572194,-4.925983457505326,4.475274393217813,-24.09906990816429
TCGA-49-AAR0-01A,-0.1932580206170717,2.1284134606344685,6.971314119969093,4.487577163445863,-1.6489099559533749,5.534194210471536,2.061664654088442
TCGA-44-8120-01A,-1.8556468677342444,-1.8803962766653135,-0.04432384865768955,-1.7780668773869475,7.1835960025022825,-5.034327664474884,10.37386679108673
TCGA-MN-A4N1-01A,-9.861058007975906,-6.435893713430888,7.271103347905847,3.7032468684712185,-3.4854524828126756,-27.599816396373978,-23.828355143724
TCGA-44-7667-01A,-2.4570894475208496,-3.8238198603440514,-7.357079360335707,-11.748195295502587,-3.8631094358380795,-23.35572551496281,-38.30563723503164
TCGA-NJ-A4YP-01A,-2.3610010473159697,-0.9145096063092456,4.07451089576655,2.381459837892543,6.721744163487712,-8.3653756857356,-11.231682551269742
TCGA-91-6828-01A,5.6001490818535515,4.07155537864636,-0.3032232094471935,-0.3036164725813379,-0.09679796743900375,13.319717852275314,1.8228816844519764
TCGA-MP-A4TA-01A,5.869901271441287,0.9734717248916364,5.926796176096895,2.932070375981107,-2.103027684891603,-4.4467434633942124,-27.622312671601122
TCGA-50-7109-01A,8.427082513134755,2.599158773903833,-1.2330640608873962,-2.461456856524395,0.2193356119809592,-5.62905026013272,-10.223627567420213
TCGA-75-7027-01A,1.9103101199705221,-2.4671377061851842,2.3166941713001092,-1.101149335334373,7.930449889003249,-18.344986657508723,-20.437677218641358
TCGA-55-6971-11A,-10.722670886843758,-4.441498693950105,0.49511543351283827,5.574060320332105,4.203607258056074,16.84711995123771,44.53452094301351
TCGA-55-6978-01A,0.927522232334248,4.844906379252101,-2.0077458596279385,-2.137759651049107,10.389327277324973,21.8092831016517,-11.66275903073748
TCGA-44-A479-01A,17.051248960624402,9.598612736937392,3.899996069898679,3.696737299514883,4.345954693600815,16.744539163061713,-9.578305161672482
TCGA-55-6975-01A,8.32910781409317,-0.6058726845829989,-6.451839359901751,-8.88016237533544,11.783365419047112,-13.507053647858156,-13.343880818345246
TCGA-49-6745-11A,-14.92094402186376,-6.041021359957702,-9.255311419350404,-6.601553927659038,2.3445606975091593,12.758389682980773,45.335205507285764
TCGA-69-8453-01A,-4.725239461048465,1.1740044857034062,-1.0284957513495634,0.5103535053053201,0.8378985192732991,23.101018483661626,16.99729783764476
TCGA-55-8205-01A,4.0096233063220605,5.880686767082605,0.6003053074803394,0.33227512146664423,0.1268510913383309,27.837967014251674,-14.990415754618338
TCGA-MP-A4TH-01A,9.292404087780108,8.084051125802452,5.986419118170089,8.612699709671796,0.16411102583860837,11.002381584461586,13.60945104073873
TCGA-MP-A4T8-01A,-10.457464374531094,-6.371684646724821,5.149570217751575,2.5170515378434346,2.468240400640332,-25.86990484150248,-17.55135072937035
TCGA-55-A4DF-01A,2.2279104929206155,4.516542508977464,6.665923906550885,6.630792550057318,-4.77027930724017,9.921229310640301,-22.497590385575386
TCGA-55-6985-11A,-3.4840416540014405,-2.1603204432236494,-1.028170276801448,3.3779324272151197,5.410395984058701,22.889258628351705,47.833979796786
TCGA-J2-A4AD-01A,-6.248900536362169,-6.94730766824875,8.783722844400618,6.299602084937536,0.6762468402749024,-24.55007610264084,-9.828999742946236
TCGA-55-8513-01A,3.053124270983909,1.620836563072179,4.061695899945241,8.102556603027617,1.817803741846375,18.9703778715014,32.05356970599203
TCGA-86-8671-01A,8.123230536852288,10.641246434291256,2.7175859120506587,5.681225371090939,6.914191588395559,32.813914784161106,15.982594764942677
TCGA-55-7727-01A,-0.7908885138110288,1.3623740131408804,0.3055458362405329,3.235774266655356,-8.741860109940164,0.0033125722966005477,-6.606085407609914
TCGA-86-7955-01A,-9.769647137243819,-6.611548913115805,5.223365505416127,0.2594433263716358,-14.35633393516366,-43.98853437266243,-39.471176485100415
TCGA-49-4487-01A,11.216690525132552,7.57294733091316,-2.314854768861735,-1.5332622609547564,2.641642720275332,8.869761254039012,-13.66580631703855
TCGA-55-6985-01A,7.022409666957253,4.578839278762607,-3.1240787494944313,-2.7248431089561045,3.9029169878153978,5.896195206210156,4.79824924051849
TCGA-05-4415-01A,-1.767763009182526,-2.917015392207637,-4.375557372116256,-6.809090135958226,-9.516740009240422,-19.146741003424797,-33.301743542745804
TCGA-69-7764-01A,6.332318771037138,-0.12630965328866542,5.681623472047711,5.540021094458168,-3.2001103063192184,-14.375734157214707,3.6821479558718155
TCGA-55-A494-01A,-16.69667836850288,-8.452642117283306,6.787700397525886,6.207651529809282,-7.924704314322106,-42.38840046090342,-22.923516552898818
TCGA-NJ-A55A-01A,3.555934505588081,4.766817496861252,4.260442065780899,8.482196607620006,5.374210892783021,10.912690911472268,28.710956961603763
TCGA-55-8096-01A,6.6436894345845525,2.495440514554509,4.767991651141271,4.177990512988014,7.014670246993294,6.713990996275049,1.9822234704027513
TCGA-86-8054-01A,-8.193372181802117,-6.582928418626187,1.5875353024852341,0.09479158667330309,-2.420822886342867,-23.57392558236645,-21.00381670746941
TCGA-49-4506-01A,3.36295620515128,-0.4306087932660141,-0.7423631094956468,-3.8264159544353227,-10.871226926814447,-14.256933197608733,-33.1841527107013
TCGA-97-7553-01A,5.588554759299034,3.5005593273592654,-2.873705421232628,-1.205118036257729,2.880479082960145,28.623995826634562,21.765119424280112
TCGA-55-7910-01A,8.247485572469834,0.13986808415020047,6.887862737002057,4.051728021326152,-2.2430842198723617,-21.39624257864478,-21.755497746559694
TCGA-55-7574-01A,9.955865287999929,8.29243400124559,4.6204900349136855,7.375961264766563,8.538877397968886,14.998482309065201,12.764787145354504
TCGA-97-7554-01A,11.622157232467382,2.7533701059317193,-6.439842843265683,-7.2800113345187984,6.0835059343512805,-1.814571226956858,-1.7958372826315157
TCGA-44-5643-01A,-2.686049529735187,0.884192489653108,-4.163830633501624,-4.355154080776821,-10.912405631124694,-8.737478145834336,-28.47087270123741
TCGA-49-6744-11A,-7.819454954131525,-5.709556521149497,-6.107275935341327,-2.162901777973218,10.620190663901402,13.868270690832173,56.17815353208171
TCGA-78-7166-01A,-4.409141117869558,-3.2749983784576338,2.4974968327065876,0.3205977190178118,-10.690356769938221,-31.626629701448255,-28.817207574995905
TCGA-38-4627-01A,1.873636946812898,-1.8080219536063846,-11.112969397620084,-12.259121795621912,16.709895608101643,6.477924476437462,14.807988018683671
TCGA-86-8673-01A,0.4967606431230472,-1.126083382098684,4.667844804425089,1.125172637268967,-0.12134524029911638,-12.804163907776509,-21.020550900171592
TCGA-67-3774-01A,4.7242420746798715,1.098862155719927,-1.9264358211203665,-0.47878449742768286,0.169344729301301,2.7096873551460163,16.32942878651185
TCGA-49-4512-01A,-7.568678790490488,-3.335077954870989,1.3648439449325542,1.5749934293296397,3.762756401561443,-3.2809978157344117,-0.2901994667025478
TCGA-91-6829-11A,-8.680256973699686,-5.667163824330644,-0.6951407466997207,3.1051648671727787,-1.9775383615366766,27.71786247859693,32.101802622403405
TCGA-55-A492-01A,-5.519196059528833,-4.881992139883175,3.566233082719228,1.7868947368835744,-9.715008778125041,-26.132161311412702,5.721873741325967
TCGA-55-6972-01A,-12.928511627473007,-9.311284846637548,3.7073951795722895,3.301145078719241,-18.774189458075305,-45.79479677069249,-10.339551365693504
TCGA-86-8279-01A,-5.8000615660955335,-5.196137827492058,5.688092321928532,4.093885242169934,4.314843305129192,-18.661045887278494,-8.536672676065841
TCGA-44-7659-01A,4.959391448546493,-0.4883000942578846,4.943031375206215,8.471118227434358,-6.530352464631402,-8.717195857566692,10.93823376228864
TCGA-05-4244-01A,-9.265668348329672,-3.3826475332109043,5.0360331469621675,6.77293918878671,-7.681605084503114,-1.970271269184729,-9.300934370628028
TCGA-91-6829-01A,-3.7891744616958847,-4.477065489031842,-4.229708021722768,-5.1317106336594245,13.926820919649542,-5.372909341441651,-1.6629003827992055
TCGA-97-7552-01A,12.556006424340186,8.772769472046466,-5.366149400915115,-3.480611577195772,2.118900171921439,21.546386232474138,22.302021654302123
TCGA-67-6217-01A,3.998179576268935,2.2109516854082694,3.686887064633853,5.299518128403199,-0.887457360785742,2.9787528161745214,15.286129696713903
TCGA-55-7911-01A,1.4579302011591018,4.1534900169945175,4.1156261779140415,5.5579060895140024,-6.82126783406528,9.364619866453696,-15.890408153840102
TCGA-L9-A50W-01A,0.6302258452062366,-0.9321377763903251,4.1827665609618405,4.1405513443783795,-3.9546371423581475,-8.672671430791132,2.7192630573723435
TCGA-49-6742-11A,-4.052933426143407,-6.440357883403137,-8.480595670337985,-5.628566088152161,1.7845621163477998,7.0374777338743675,39.57183788718462
TCGA-62-8398-01A,-3.2471543804339023,-0.20098826514251192,0.7399746855716772,-0.8349531565390031,0.2365693162644425,-5.9728481756790615,-19.128007915143165
TCGA-75-6205-01A,5.612034059508258,5.881244242585839,-3.4334289313878568,-2.8135622196916117,3.7574686293951083,28.09694377013768,-8.405867864077754
TCGA-91-6835-11A,-6.883587002347923,-2.7896506845694087,-0.523058706418147,3.8905626732711407,9.649386896619621,6.003988413835396,44.6326446606367
TCGA-55-8089-01A,8.574037195017135,7.8571945663525415,-2.3595277521935634,-2.166980300100109,0.3161612462023674,25.794780932081057,-11.3896571942234
TCGA-44-6777-01A,10.23063087958514,4.615949546585272,-9.943795277285753,-9.776938133845428,11.973552267885237,21.820435588468193,7.761027867155526
TCGA-75-6203-01A,-2.4773222502621053,-1.602419446295414,-7.636142313508754,-5.185934444793835,0.9210949612980256,21.562601220627926,31.603907706374084
TCGA-83-5908-01A,-4.54748774697052,4.446608432615434,2.671299578892951,1.8900488009712013,0.2350146027621327,15.87721009926645,-23.126722588637094
TCGA-38-4626-01A,-9.159606986815236,-3.958590740353646,-1.0010509792822448,0.39087715302056764,5.004759853777595,15.740603912219576,25.18913163563723
TCGA-44-2666-01A,1.2518760775663118,-3.375935209255958,0.7105548671949363,2.0058286782583203,-3.554125436256137,-14.096259689728136,7.926353213125804
TCGA-64-1678-01A,1.1377400219976743,-5.372613458579473,-1.794295926026808,-3.549469650965193,-12.998982506454023,-42.88774858922597,-42.11385117533546
TCGA-55-6984-01A,-0.2509073983865135,-1.2490627143476571,-0.7827601625305712,-1.4434220180473223,-5.160867202278318,-19.29281558034059,-9.855168455129327
TCGA-55-7570-01A,3.39472398417681,-1.1268844861411378,3.828524393625391,0.6674490184368116,-0.3623123412476741,-26.88309916327844,-30.878097023288234
TCGA-55-6543-01A,0.9130905356667258,-2.5763762868173408,-4.358585552702145,-1.6947678690979797,-2.567276903627353,1.42057546279418,6.728099095897768
TCGA-44-2665-11A,-13.143275085967375,-5.608925961215867,-6.4445872310067225,-3.7575541868655264,10.222982137750284,13.971585033847425,45.20663041968703
TCGA-93-7347-01A,6.159641789273887,5.86094712770119,-2.8481138412546767,0.00047047872767099256,3.1709944791159104,18.615556498577224,10.535583072547546
TCGA-MP-A4TI-01A,-1.857183553604755,7.038542722973424,4.493348226532398,4.910955048441661,5.190456258203069,29.11326019650488,-8.893672411656148
TCGA-91-A4BC-01A,16.20412414049738,8.716898578148665,8.050793127736057,6.411083474658274,7.059085909556107,12.942538544645936,-14.701665374130135
TCGA-97-A4M0-01A,-6.535459884834579,1.1135177492909025,7.80865080255376,8.725178128537028,-7.654116994913227,8.88477697820902,0.09931543511123533
TCGA-67-6215-01A,-10.072820849901335,-6.106225449000065,0.5704942713137496,1.562648315412311,-11.25534717623516,-10.37872487461674,-7.788922675490998
TCGA-78-7220-01A,-12.64458456840388,-5.965120117134932,-1.4198885602633826,-2.061004346928725,-5.980667745689425,-23.4631804252715,-21.990401287552608
TCGA-05-5715-01A,-4.912388453431854,-4.807141933819204,-7.827117788927935,-10.174481720380976,0.8323637347156178,-2.6757695457289987,-3.945078070669088
TCGA-4B-A93V-01A,10.197942036772075,0.9828258291302268,6.133671147878213,1.5435585100322133,-10.266439510158426,-20.89271682083619,-27.88243457031035
TCGA-78-7167-01A,-8.760353415648586,-6.7763997281456065,5.924904637545627,5.715879497557524,-5.019603833127773,-31.202231226951337,7.532657379532434
TCGA-75-7030-01A,9.979306614346239,2.5162412095524718,-4.506526611980095,-3.1661109365926,10.403833498303962,0.6415121381691818,26.210789053175873
TCGA-50-5936-01A,1.1716716760597128,-0.09526356017654873,-4.294773765440845,-5.5573946584909155,4.087887538120904,-5.763556064966335,-12.784303388112
TCGA-44-5645-11A,-6.7906080829173945,-3.3627452335826438,-4.1926063983579835,-0.5440243932190993,7.670067553502343,18.340154391147102,54.281301163687885
TCGA-55-6984-11A,-12.929711540240392,-6.394360672546964,-2.75729177407477,1.5153867096883304,1.1208170913528777,12.374658040626473,47.01649366452933
TCGA-62-A46O-01A,-2.2287695215913854,-6.542191445196452,5.363180472383106,4.968541892663855,-12.016410385235364,-43.84821766053465,-36.2416610734058
TCGA-55-A493-01A,2.1513298686528906,4.9686365653964994,4.900991135747861,3.5155120265153266,-0.9567621035823463,11.4814441656464,-29.373173294592224
TCGA-78-7542-01A,-8.088274620211216,-3.2041330935348196,-1.2133911046216852,-3.262041530386702,-13.326219565255322,-19.299547024176004,-34.643558952937504
TCGA-55-7815-01A,2.154930925224505,-0.8895993172078727,-8.092367007076746,-5.915643461970436,1.141369715527724,0.12232580460783092,-8.515427743005706
TCGA-97-7938-01A,-3.1079074820155768,-3.1468991270366016,-1.335263966627357,1.4145773991713972,1.9117417419471452,-8.278151372319597,21.28900623936755
TCGA-69-7973-01A,1.7283685218018445,-1.317646741186569,0.6800906726675072,-2.1844482200152955,2.9492807430068693,-14.10032228334629,-11.56846421436953
TCGA-55-8505-01A,3.224490843930351,-2.4056518848229542,0.7866922029520024,-0.7925943353781412,6.470629380783046,-20.728311603237778,-15.047243468088615
TCGA-62-A472-01A,-6.25817433477411,-0.26290104497861694,6.2004011780134025,7.317526222073329,-6.421367150009816,0.314219435601648,-14.709539075030948
TCGA-44-A4SS-01A,-6.206323357853337,2.349368910665397,3.92746959483764,2.9771754027277066,2.746708428956715,11.324778777760804,-13.005314696157928
TCGA-55-8087-01A,-9.799316381503038,-5.7937731313444205,5.047905217796711,7.350417254466952,-0.4604046059713216,-11.09400338669781,13.971375999324579
TCGA-86-A4JF-01A,1.0816225957065229,-0.1770130795509254,0.8598985533807101,-0.7335311983741198,-5.943393512345109,-2.439734760194834,-16.367533360844448
TCGA-86-6562-01A,2.1176486807868025,-1.978792793744286,-4.2717921266659316,-6.055849844709903,6.412440205007881,-5.034529596376985,-1.3480078223868994
TCGA-05-4432-01A,11.180109650926346,4.295885708477637,-3.0208559330594853,-5.158867686798816,-0.901231798160321,-0.8194606395544558,-12.060698297243286
TCGA-69-8254-01A,9.121947177923207,2.773714066614777,-1.0657023661045808,0.23276626375706963,-4.628056391144525,1.251796395747689,16.25646761011749
TCGA-64-1676-01A,-0.7741552166271598,-2.08376070464117,-3.9990643969523187,-6.312621754110721,-4.178179881504207,2.3793158996283745,-24.606186286633037
TCGA-62-A470-01A,-7.918915873262181,-6.368791858947811,8.62818617738333,6.652104279901242,-7.5845574857291105,-12.974478734025489,-3.604726825679802
TCGA-55-8616-01A,-6.341104474325412,-2.127857169139821,2.217057857924267,1.8164104571019564,-2.243046679501257,-13.436483001045694,1.2049821282421895
TCGA-93-7348-01A,10.110646404538123,3.751238764504955,2.1539875062123053,1.3228713407324928,5.759791869176302,-5.3860309841812555,9.866924134475338
TCGA-78-7148-01A,-3.48227876850973,-3.281483135241819,-7.216076263777578,-8.880594859173144,-4.914445543926999,-16.001246247382554,-9.650897446404842
TCGA-44-2657-01A,15.409106070168855,10.69105317303633,0.9333140189278493,1.8123936227204467,2.23460525430534,21.486071913273722,10.304377784254001
TCGA-62-A46S-01A,4.20846714426228,-0.6121778266772506,6.517528350444066,6.006942870637896,-4.980834002595729,-8.176352237871171,5.333680533818087
TCGA-49-AAR2-01A,8.44182936904706,2.2482934196815756,8.843207143203484,3.642710101035842,-10.170729027487244,-14.801771496435402,-26.163271544008804
TCGA-97-7937-01A,-7.8751725035879945,-5.5467268605665145,3.9716117348387265,2.8444160405057817,-3.3997979486430316,-22.882006623446827,-18.357830063210038
TCGA-78-7147-01A,-10.04726030523886,-3.7053179147180417,3.0824274236105667,2.539043591950247,-9.23442103705631,-9.929644854309275,-13.024897949671285
TCGA-55-6712-01A,6.6079152846150375,3.895455939148504,-5.292574805981859,-5.1765996657183475,-1.0478631581941376,9.33089494918843,-10.74276375662489
TCGA-J2-A4AE-01A,3.490519054403933,1.8170666924729333,9.370729915353877,12.187511723033579,-5.899393599644518,2.858972568368232,12.65127911096926
TCGA-44-A47G-01A,6.6271705562578305,6.154777204658276,4.90114260977082,5.531329265813676,1.0187506961217796,18.064518778041727,0.061005824870722966
TCGA-49-4488-01A,1.3577600768209106,-0.533279924414928,-8.43569938399472,-9.579506476932613,-7.500933791035474,-7.978656786330981,-18.679843014097038
TCGA-86-8280-01A,9.373916260410901,5.443447716213908,3.6279211990743474,3.853847168285127,5.863230868507826,13.229811415121002,16.22977441407304
TCGA-MP-A4TC-01A,-0.4776897625641915,1.0450090143393262,0.9111971449330891,0.77354826510489,7.836587045324614,1.184758883388428,-14.441311983242382
TCGA-44-3396-01A,15.352912091628905,6.015262909056763,0.8589789070132153,0.12309756912592235,6.4096519743393845,14.21852288437319,-11.78442645442497
TCGA-95-A4VN-01A,-5.950094716692538,3.2375189909643924,3.5990920896571357,3.536839025446073,-2.4039615720244814,11.219327969231237,-12.452129832360878
TCGA-91-6828-11A,-12.739254711509277,-6.275870434891576,-4.851892959836399,-1.2454379642906268,2.3206767478593555,9.56246772673637,51.450306111378005
TCGA-93-8067-01A,-2.560721249027223,-3.128967736872102,-1.622857618557866,-3.915511410792592,-5.110084609954874,-19.867864948683945,-15.735781227179103
TCGA-S2-AA1A-01A,16.992383768550006,8.21888628546988,6.322024635490592,6.731863138921847,6.394669233025912,10.625571598634696,17.521105927384834
TCGA-50-5936-11A,-11.772486383157613,-5.087759037888002,-6.190811988013951,-3.354851447181168,6.808634479747991,18.632809299021222,52.2834618698246
TCGA-86-8075-01A,7.338692076453297,0.8272517976491927,-0.24702434240121848,-0.05995584639274515,10.257834294853069,2.3405305622546186,-3.5867965160757964
TCGA-49-6745-01A,-4.198841066851002,0.149814099178583,-9.28760054704198,-10.212053061962184,2.8153831667434766,10.102282828421428,-3.788758330942753
TCGA-69-7978-01A,8.874483535296108,7.365760529145842,-0.6073636515719413,-0.02718105994720213,4.285016818383942,22.055342139044715,-8.986466094686234
TCGA-44-3398-01A,2.896038229433133,-0.013926354769857232,-3.578386602661746,-1.8185486469502594,4.0288478350694295,10.838039653173825,9.197122528687151
TCGA-44-2657-11A,2.2942544238322955,8.124472671486698,-5.909461018913377,-2.0896800073506214,2.3967654801536726,29.665336104317625,33.924320889319944
TCGA-86-8668-01A,6.877826931470798,3.6479099918398026,3.1550335840790322,4.496775437841846,5.323182044865251,4.763945300750037,18.67731497035127
TCGA-49-4510-01A,3.5115324769247165,-3.240140546539833,3.3898528674209074,3.7486164235819883,-3.2756731900415432,-21.28784108893532,10.555006393093247
TCGA-55-8299-01A,-0.6475821274481778,4.929209314016761,0.4228896150804764,1.789598556186948,9.94125644728849,16.974025983432362,5.667350321668803
TCGA-50-5930-01A,15.353462306301905,4.471198216447808,-4.21413740964629,-5.000399687128233,4.22204173826768,-4.006550756145617,-6.986175965438108
TCGA-78-7535-01A,-13.076338336321928,-5.838124625382064,0.9663018389283292,-0.5799229257999522,-7.197525816175699,-9.140600680848625,-18.997202034643088
TCGA-MP-A4TK-01A,10.263898175909244,4.634291169781998,3.691798100917968,3.8788054802268097,9.8240292094513,8.688080163547262,-3.345215267322789
TCGA-62-A46V-01A,-12.938618199371229,-5.701301744417377,6.652677540071933,8.307756758648413,1.9961159267619193,-13.237451109872765,-6.779183067718469
TCGA-93-A4JP-01A,-9.396733695073078,-3.8723526764118708,5.33469039755293,6.829564752329782,5.383885685672838,10.684899933497007,28.8549032232228
TCGA-49-6743-01A,6.347429673980548,1.125971364846078,-4.7934716671083235,-5.417016802599041,5.730351595507394,-3.58976086588011,-16.335468164702508
TCGA-99-8028-01A,13.817596397697926,8.583057118969139,0.47440323320962874,1.431274314551794,5.252343813928493,24.26423987589702,6.846005937732478
TCGA-50-5941-01A,10.140370274096538,6.797888246651817,-7.064462581058327,-7.9784730400592485,1.0309023965689377,19.39028053732165,-4.373145238621438
TCGA-55-6987-01A,15.128530046838089,9.326100940262158,-1.6702603355840622,-0.48960167582034875,-0.7990640157855441,21.814474866084442,-7.2903961758311615
TCGA-86-A4P7-01A,10.603232170046846,4.852687187510022,6.792702353967267,7.773205683487849,4.746041187734768,13.300182346757037,20.64662044156002
TCGA-78-7146-01A,-14.263033721580491,-4.32291783503265,-3.665843580520819,-5.411998498064272,-9.14042374584537,-15.006453208197318,-36.50946399937092
TCGA-86-7711-01A,4.121407080341662,-0.9119172513453218,-5.507433418347578,-7.693072843644052,1.9520069345614386,-1.3952490835653997,-24.607824163389314
TCGA-97-A4M6-01A,-3.2452017838094234,3.75250305225519,6.493895033454659,8.176068338388994,3.4049309878416656,14.830654741265585,10.524902100534092
TCGA-05-4418-01A,12.923226048017602,4.565657535947581,-3.0208565862054164,-4.784434274950371,-4.236880683552411,-1.4918005622928374,-23.772669623987436
TCGA-44-2665-01B,-13.921933772251892,-1.9503947183427164,3.472002522333779,8.914053647101918,6.351645188182667,3.5217601121768594,8.479233663760413
TCGA-MP-A4T4-01A,13.330003381378079,8.268116880517743,4.946088598409042,5.711904640583774,3.6687582228156828,16.166355502292305,-11.160312656562335
TCGA-91-6847-01A,-15.673805902363283,-8.689938677799384,3.4939586396941498,0.6321424336342881,-11.05228763477379,-41.10613445205434,-35.55760951036901
TCGA-55-A4DG-01A,5.6788359110504105,2.892362615317242,10.247012763030913,11.236226855659716,-2.202519582835467,-1.0944191788175222,6.873788597381534
TCGA-86-8055-01A,6.747131530039701,0.9778681739150241,-3.0554647568981608,-3.293662787584749,12.121244331574253,2.1507809883861215,-2.82342858224605
TCGA-53-7813-01A,9.860638478468555,2.288271669391234,3.7352060700701304,4.281159478951742,-8.948110092615694,-20.431360470657655,-22.698630448228823
TCGA-95-7567-01A,9.555276730700642,3.5346169362966546,-4.961897697590299,-8.101314335848068,-2.169916901055873,-6.483085611020191,-20.322018877283305
TCGA-35-3615-01A,-1.7277122074204594,-3.6898722436788836,-0.4740654453949125,-1.130859372084607,-7.561348202735737,-15.823102274086278,-0.08853878075634422
TCGA-44-2655-01A,-2.6338280845949593,-1.1853365281231534,-4.331118052924674,-4.234010805940193,-3.521188550158956,-5.4384565282953234,12.05245919615626
TCGA-O1-A52J-01A,-12.211504276159452,-3.1164892935281485,6.263715575811269,6.077795179030969,-4.197100882951298,5.1441116800254845,6.940432542132053
TCGA-64-5774-01A,8.105648100942755,-0.3838439506926385,-1.2966268275231223,-4.448535830651345,-1.4199985144106764,-27.25044705496492,-28.4001430207987
TCGA-L9-A743-01A,12.474157887865859,7.825987790331607,3.21612290927505,4.115953698542128,2.8632657028357222,15.424369104144228,4.276053645691256
TCGA-05-4250-01A,-3.5398312244001104,-0.12214569440282365,-5.082234112123744,-7.337818495483348,2.1223473993536186,3.424082946493825,-17.78147496722123
TCGA-97-8175-01A,-9.97653475416402,-1.3193039174623997,2.4152361977170753,1.721861113017978,-8.58668938349693,-0.8020723955692218,-17.055149012136095
TCGA-62-8402-01A,-2.899116170789456,2.7011297528220193,3.5883289016710513,2.886093141647574,-9.022914232617055,5.666758554187728,-28.413476310578453
TCGA-50-5044-01A,1.8012994493783716,-0.8641374195235489,-5.462029153967876,-7.14892764922288,-0.529212570374059,-8.7145701104401,-8.629111580444228
TCGA-05-4430-01A,2.5953627340111685,0.3869740026842173,-6.739157914109149,-8.026496308484962,6.908935840500587,5.637138312552772,9.389287031286655
TCGA-55-8510-01A,1.3247977704865086,2.986604873608546,5.3821146258138155,4.804458245065134,2.2750264113262393,16.07576739209074,2.741635174792922
TCGA-05-4420-01A,4.798618827422204,-4.314965230829966,-0.7732240827521372,-2.930696273191202,-3.5022171508370548,-24.48570121908745,-28.276700735315476
TCGA-73-4659-01A,-2.76189944305723,-4.117251984094165,-0.8545905234557821,-2.6724686841878884,3.4582607630604616,-2.507875726187904,-0.7745180352686768
TCGA-55-8097-01A,-0.7579297229701669,-0.10433282317426869,5.811570475380444,8.641661863011091,2.221869455100673,-3.3419698542229206,19.24726955481142
TCGA-50-6673-01A,7.368110080353416,-0.1619781132268224,-7.2552574638397305,-7.929048546163549,3.479038654198815,-5.188414802403451,6.851359379375385
TCGA-J2-A4AG-01A,1.1004392826956435,3.0330636170506273,4.70221222310703,5.628431141292731,1.8854264537276355,7.9284072853933045,10.422533008796934
TCGA-64-5781-01A,8.416352253056802,2.649379578835285,-4.28822683236856,-6.77400464593604,0.1405938004530526,-7.319998269765629,-24.546876455654047
TCGA-MP-A4TE-01A,5.772453097936183,-4.261846079975552,2.024315934387275,-2.092346013015678,-8.880691030148004,-38.8175064503511,-27.329470995445465
TCGA-55-6980-01A,-3.3496937518245518,0.2977422062215643,-2.0455997171863163,-0.6347112983376888,7.948408829267762,8.24901153582578,12.405567932549202
TCGA-44-2668-11A,-5.710402723254704,-3.8650874078851425,-7.361934441644283,-4.945942405726898,4.131760260961568,24.528807165982215,31.291828845459253
TCGA-55-6969-01A,17.203470957174044,9.511851667267067,-1.5295836004596766,-2.832490986720545,6.640108204050772,7.450966738771506,-19.428466566482303
TCGA-55-8091-01A,5.51491404060533,1.2041788178161095,-0.3358896146691336,0.2214125788765397,6.498112386414018,6.496272280623557,7.2855169286393
TCGA-69-8253-01A,0.38394157837795667,-2.5103370067513207,-1.020315173943859,-0.9062375347939471,-7.146369186408959,-18.748170328451668,4.8447049790684
TCGA-55-6982-01A,5.482909046917775,2.2223318987872442,-3.2633194573208133,-4.987367189083158,5.310528858919106,0.5228035034579179,-7.0179819780390655
TCGA-69-7974-01A,-4.592646356197154,2.227435703241146,-0.7217125464538326,-0.3166763480050214,-2.082232777120373,12.619744620234231,-2.4599099832859483
TCGA-44-2662-11A,-13.21209485409364,-4.27246293277288,-7.3128282190605205,-4.717554849917456,9.507042081136563,17.963460956303642,50.95248723234357
TCGA-97-7941-01A,-6.426973185268939,-0.42825054490641234,2.401580916301738,4.33091834183231,2.891980358860138,0.14477408139124867,23.703224138396298
TCGA-MP-A4TD-01A,9.170010041308583,3.2973133081287105,6.0706566933095365,5.548078016937593,8.428398465501934,-4.712359461125175,3.416604783057575
TCGA-75-6214-01A,-15.510979361019096,-6.807420090731802,-1.3802998613927908,-3.438935827961623,-6.137719286439155,-27.079319207430903,-28.327308603181724
TCGA-64-5815-01A,5.35362891462784,0.5314701976621817,-8.892748010466036,-10.544983029469751,9.58471899249801,4.92310057160248,-1.4953144031216064
TCGA-50-5055-01A,11.836793180551924,10.077063967854908,-6.200297482253702,-5.928027239331111,6.716490921188271,22.974490381625355,12.042945156962993
TCGA-49-4494-01A,-3.847047590977041,-2.854920211955057,-10.425154663780447,-13.100482134674873,-8.437977789589727,-12.676372307841376,-23.541467181515195
TCGA-44-3398-11B,-7.175644296738317,-2.5275469329285487,-5.029452660843703,-0.9382503592333367,11.239714856825419,22.40957998638584,52.447040790077324
TCGA-78-7160-01A,-2.8851804768844223,1.8703631306782469,-4.643219055353011,-4.825532019658199,4.835798565583091,12.712869110321806,5.6550033820466865
TCGA-44-7672-01A,16.29324873607979,8.013218614776019,-6.321757260941286,-6.986291344030299,5.857751892876669,13.890497927139757,-5.171239827251837
TCGA-97-A4M1-01A,-10.443311656422226,-4.181329007979705,9.012593910270098,10.032033652405099,0.888720073823904,6.097448632506266,30.123188074073813
TCGA-55-7913-01B,-4.291547235353156,-3.7123146655458634,1.1705147343224713,-0.534702830572357,-12.502812778060937,-26.55672036730959,-35.05541097539217
TCGA-49-4514-01A,1.2629047890860639,0.886692789574047,-5.847938748566666,-9.662716299320666,-10.620587043030062,-18.754022822802913,-24.29986113526401
TCGA-55-6972-11A,-3.9670051616316404,-1.698748102519954,0.9263238764717129,5.046122025020132,6.419412307656574,19.563854509724482,52.61806597441668
TCGA-78-7152-01A,2.6221298975528855,1.32414808596054,-5.260846065471377,-5.6215822199640035,-3.6346089240813435,-5.319936602103211,-3.45000287365765
TCGA-73-4675-01A,-4.752526462363928,-4.45873763671611,1.0520322749153368,-0.007033608545710764,1.1907744439825738,-13.886741061313135,-1.732747653433411
TCGA-05-4426-01A,-11.456841913186423,-4.409100049486867,-0.03215550063401655,1.7473929252709746,-5.52785164414982,-7.664090081746426,-8.139662600618571
TCGA-93-A4JO-01A,5.7700475208355835,5.8213148761667926,9.119097711878403,9.755428833630084,-0.7579792016018785,15.059209971271748,5.8880987599411005
TCGA-67-6216-01A,0.5841530917053567,0.3888631501280641,-0.41943317216712167,2.0682243615283027,-8.634775629002545,1.675615910840422,-5.61382273432434
TCGA-44-6779-01A,-4.462757059013236,1.703848079426,-8.86582426079743,-10.154208348577919,-0.34071329233189734,10.741094172220489,-23.06361330689202
TCGA-95-7039-01A,-7.686153999322501,-3.4517053505130244,-1.9359835469874471,-4.177364561150591,0.5271948930663293,-13.87909576509607,-8.301210901745856
TCGA-64-1681-01A,-3.790633958560834,-1.6422482255389177,-2.558175776654138,-2.867750215936204,1.0627529043466666,-1.911847346736104,14.791974643126355
TCGA-97-8547-01A,-12.948661783419833,-3.7259168052584988,4.410850648583646,5.845306228675731,7.914429548973345,-2.6292672387763854,-5.974295115446907
TCGA-73-4668-01A,6.078704425771578,-2.5296927505331706,-0.4147908203842949,-4.0092391697874294,2.0509132026774846,-20.8379619722012,-13.106047046795098
TCGA-78-7155-01A,-9.382593564602999,-5.6502182117270054,-3.730477898434526,-3.783184594069732,-6.110796250511004,-25.263085919157803,-36.93018119183413
TCGA-78-7154-01A,-11.50495550704178,-5.411575151388573,-5.099472244823937,-8.3055145870712,-3.3851954488240255,-17.767535151572993,-16.0012743719954
TCGA-55-A48X-01A,9.4478126407169,6.621562462240644,6.147105340618184,7.345687074621373,1.8762947193488684,8.50217452254196,9.710985428882747
TCGA-50-6593-01A,-0.3141179234683569,-2.222213342220521,-1.8894590431773772,-1.9493015140988952,7.235844170837206,2.758659960879304,1.1189521315646032
TCGA-55-7283-01A,-8.848403307601137,-4.320063418918679,-6.458796490281305,-7.015367795959841,-3.921692482051664,-4.125398396289033,7.307041896858568
TCGA-55-8506-01A,0.8947546764552139,-1.4153224005711427,2.8150322884145127,-0.3344349204361209,-3.598398602609146,-9.223242243434845,-17.768477879089993
TCGA-97-A4LX-01A,10.31302841115748,10.012413761174209,3.387551502139748,5.823076155460318,5.257241100221992,26.39800869270284,0.9645304899616709
