gene_id,MM,MM_pval,GS,GS_pval,module,gene_name,is_DEG
ENSG00000211592,0.9637633450425662,0.0,0.34424186108204113,1.8132167154481185e-17,1,IGKC,True
ENSG00000170476,0.9636070479754402,0.0,0.31139154388780016,2.0393249671248674e-14,1,MZB1,True
ENSG00000239951,0.9408154039034464,6.668994889225755e-272,0.3080026602381353,4.012985745492128e-14,1,IGKV3-20,True
ENSG00000241351,0.9380587841913178,2.101148658559811e-266,0.312294100831238,1.700396985115319e-14,1,IGKV3-11,True
ENSG00000243466,0.9377972066798606,6.776570985234092e-266,0.30253455684107605,1.1745252006584714e-13,1,IGKV1-5,True
ENSG00000244437,0.9340061802679376,9.176508458132678e-259,0.3427530722232413,2.539903478901145e-17,1,IGKV3-15,True
ENSG00000254709,0.9306916097915094,7.21947665941913e-253,0.3015077120161138,1.4333668350565032e-13,1,IGLL5,True
ENSG00000211677,0.9291085029590331,3.732412096180483e-250,0.3191056911007465,4.2273178685573294e-15,1,IGLC2,True
ENSG00000211966,0.9252624145743271,8.132518734763621e-244,0.30264708714743227,1.1491127368151532e-13,1,IGHV5-51,True
ENSG00000211598,0.9233306321699022,9.263409315393334e-241,0.32384980592737206,1.569789053892987e-15,1,IGKV4-1,True
ENSG00000211949,0.9228377354079028,5.417513437116159e-240,0.3209106729578854,2.9058669166445338e-15,1,IGHV3-23,True
ENSG00000211945,0.9224841090096134,1.9096738378037259e-239,0.29379833166393604,6.235325716911324e-13,1,IGHV1-18,True
ENSG00000143297,0.9214107058038179,8.433335253761022e-238,0.3570710057853749,9.209744640574234e-19,1,FCRL5,True
ENSG00000211653,0.9174121496787634,7.142800773013221e-232,0.31225424060899354,1.7141236103456443e-14,1,IGLV1-40,True
ENSG00000211952,0.9172280051499226,1.317006726186015e-231,0.2800058873911223,7.761000563500841e-12,1,IGHV4-28,True
ENSG00000211648,0.9158690697328303,1.1523708135267238e-229,0.28396324934524503,3.818148636542763e-12,1,IGLV1-47,True
ENSG00000048462,0.9154902375626972,3.954705670342397e-229,0.26352462981086777,1.3207928951975715e-10,1,TNFRSF17,True
ENSG00000224373,0.9153910646221829,5.456207876650684e-229,0.2761043404732418,1.5447570516475514e-11,1,IGHV4-59,True
ENSG00000211947,0.9147766133682557,3.972867726630995e-228,0.28739839205637474,2.0438826654813022e-12,1,IGHV3-21,True
ENSG00000211660,0.9147563197717505,4.241010240263467e-228,0.27719616295196275,1.2754958931882418e-11,1,IGLV2-23,True
ENSG00000139193,0.9206226522010728,1.3148153889717033e-236,0.26307949732306396,1.422098145759479e-10,2,CD27,True
ENSG00000143851,0.9129028827388826,1.5440929204364387e-225,0.2084467261781522,4.478608487136033e-07,2,PTPN7,False
ENSG00000181847,0.8849925928760065,1.0406961935227896e-192,0.24715937704326785,1.827214061407656e-09,2,TIGIT,True
ENSG00000089012,0.8843087692147447,5.144600324638993e-192,0.2977752888987384,2.9367985522782396e-13,2,SIRPG,True
ENSG00000122188,0.8724040429117036,1.3652489679247447e-180,0.1255350725743301,0.002542433134674665,2,LAX1,False
ENSG00000124256,0.8559977191553054,1.3282565862534011e-166,0.22643243458091433,3.9273139156200034e-08,2,ZBP1,True
ENSG00000103522,0.8525364513079448,7.126285616680531e-164,0.13526266959472363,0.0011370447687584703,2,IL21R,False
ENSG00000026751,0.8496848952997428,1.120867955997364e-161,0.21348152090857975,2.3139362461018655e-07,2,SLAMF7,True
ENSG00000177455,0.8470709874700052,1.0555164979146602e-159,0.27619770469165494,1.51971310940656e-11,2,CD19,True
ENSG00000137265,0.8467504246372171,1.8322777250430932e-159,0.11404065450850916,0.0061444043886560405,2,IRF4,False
ENSG00000189233,0.8436539318888955,3.53812645180746e-157,0.1413404481206014,0.000669204717601572,2,NUGGC,False
ENSG00000117215,0.830047361609237,1.0805662660277797e-147,0.17549346928531603,2.27933594449441e-05,2,PLA2G2D,True
ENSG00000226777,0.8246572282077329,3.635098993091729e-144,0.24719859350854448,1.8161441504909662e-09,2,FAM30A,True
ENSG00000028277,0.815557769859529,1.7712380397169167e-138,0.10536874134866817,0.011393133912879598,2,POU2F2,False
ENSG00000132185,0.8153692866898873,2.30539078037866e-138,0.23566339093400743,1.0376693225328408e-08,2,FCRLA,True
ENSG00000007312,0.8109843492941364,9.755910013433307e-136,0.11151182387279415,0.007388002192828412,2,CD79B,False
ENSG00000105639,0.797437191857451,4.880036075150314e-128,0.36229896431491604,2.6282912566639487e-19,2,JAK3,True
ENSG00000139626,0.7961939609559657,2.3201296701647125e-127,0.07429179846196315,0.07481570366517389,2,ITGB7,False
ENSG00000163599,0.7943670967227776,2.248818788610548e-126,0.23303472209215664,1.5245814091324214e-08,2,CTLA4,False
ENSG00000188389,0.793648814578291,5.458364936549452e-126,0.19559309137347292,2.2474620517101805e-06,2,PDCD1,False
ENSG00000108465,0.9464282357262002,5.783045682783105e-284,0.35234409486023444,2.805520403055257e-18,3,CDK5RAP3,True
ENSG00000173209,0.9251880384331075,1.0700957583574596e-243,0.17926296144275478,1.5041980172507683e-05,3,AHSA2P,False
ENSG00000221978,0.9171601925002479,1.6492458142144755e-231,0.29029803048672276,1.1980256576039412e-12,3,CCNL2,True
ENSG00000163463,0.9150457770414959,1.6680595722013273e-228,0.3239260109588987,1.5447860828425174e-15,3,KRTCAP2,True
ENSG00000101104,0.9121686460378802,1.5399757246321153e-224,0.4093161496206169,1.1243431869549447e-24,3,PABPC1L,True
ENSG00000198563,0.9067353539154962,2.073930195388095e-217,0.2158467208505842,1.6873026401349398e-07,3,DDX39B,False
ENSG00000171163,0.8851723682576631,6.825491052644321e-193,0.45333432924252415,1.5419619276079863e-30,3,ZNF692,True
ENSG00000196123,0.8788844180410061,1.1637662608607326e-186,0.2560032563976973,4.519904925349322e-10,3,KIAA0895L,False
ENSG00000102878,0.8787972266244197,1.411960508934417e-186,0.3140989993408224,1.180009534766574e-14,3,HSF4,True
ENSG00000204410,0.8761666036706318,4.495899490833238e-184,0.32510026628115546,1.2055112072382456e-15,3,MSH5,True
ENSG00000262580,0.8756436790520319,1.3917547401281285e-183,0.33136381928590825,3.1531078871979343e-16,3,AC087741.1,True
ENSG00000223705,0.8736706860756996,9.448599447227178e-182,0.35441592481774853,1.7257481100315777e-18,3,NSUN5P1,True
ENSG00000152117,0.873203347335721,2.539533153713614e-181,0.24956471678616385,1.256267145503172e-09,3,SMPD4BP,False
ENSG00000138834,0.8731329467623238,2.946385425028843e-181,0.2844045526390512,3.5252921071137297e-12,3,MAPK8IP3,True
ENSG00000100836,0.87248846081355,1.143663491364736e-180,0.2699777092038732,4.4545242563786024e-11,3,PABPN1,True
ENSG00000272645,0.8705663665878346,6.252710399046803e-179,0.317431117322746,5.971892732664937e-15,3,GTF2IP20,True
ENSG00000026036,0.8654091016791405,2.1110032510817567e-174,0.26309346062248806,1.418808237280442e-10,3,RTEL1-TNFRSF6B,True
ENSG00000197774,0.8587998323869622,7.254446739024169e-169,0.2588050975053132,2.871312432051002e-10,3,EME2,True
ENSG00000007392,0.8565869020283312,4.482568747065987e-167,0.24305546842795717,3.431412978212454e-09,3,LUC7L,False
ENSG00000236017,0.8559679570007528,1.4029962622842605e-166,0.19359430845457087,2.8614679294230316e-06,3,ASMTL-AS1,True
ENSG00000214021,0.9246312134810815,8.277616396293163e-243,0.06854213165995196,0.1003062444165278,4,TTLL3,False
ENSG00000168970,0.9225145225931508,1.713970381898931e-239,0.0428155733931017,0.30498021037302214,4,JMJD7-PLA2G4B,False
ENSG00000139631,0.9073675972332291,3.235814897847491e-218,0.1382229744496723,0.0008806282806330045,4,CSAD,False
ENSG00000075826,0.9065411846395961,3.6594767766165065e-217,0.08690887465012896,0.03704854078778666,4,SEC31B,False
ENSG00000133624,0.9046669845131377,8.251699033954e-215,0.20621161467874075,5.9732787209556e-07,4,ZNF767P,False
ENSG00000114857,0.8994228400425313,1.7778171136771728e-208,0.05466438268533347,0.1901704917718223,4,NKTR,False
ENSG00000228315,0.8920977216332995,3.42198675279584e-200,0.140649203513391,0.0007115510661895089,4,GUSBP11,False
ENSG00000224660,0.8901286537330404,4.565652032147884e-198,0.11692944555424033,0.004956383305200323,4,SH3BP5-AS1,False
ENSG00000080947,0.886827011391391,1.3600006746615435e-194,0.08787788820537609,0.03498184999308244,4,CROCCP3,False
ENSG00000245849,0.8856480353466283,2.2281805931173777e-193,0.07771474926054939,0.0623326584704322,4,RAD51-AS1,False
ENSG00000259972,0.8841770193236969,6.991393184100489e-192,0.069219051438519,0.09698699845129986,4,AC009120.2,False
ENSG00000238105,0.8773141967315603,3.69820040462314e-185,0.0807305192540329,0.052808298452480015,4,GOLGA2P5,False
ENSG00000167615,0.8773063384458314,3.762321734330566e-185,0.10704005180732638,0.0101472636300939,4,LENG8,False
ENSG00000168010,0.8765996346916616,1.7568862702278048e-184,0.010802752261605476,0.7958586966209674,4,ATG16L2,False
ENSG00000146067,0.8728116791191973,5.798349468100451e-181,0.15679544947388666,0.00015789587357700418,4,FAM193B,False
ENSG00000161010,0.8702489358990628,1.2033143232686042e-178,0.11937427748965954,0.004117400507417416,4,MRNIP,False
ENSG00000117616,0.8690680222882248,1.3537139923709115e-177,0.2548305696879238,5.456400869004926e-10,4,RSRP1,False
ENSG00000215252,0.8662941275287668,3.6379216721173804e-175,0.07338557395548205,0.07844152101174746,4,GOLGA8B,False
ENSG00000279382,0.8640059232198225,3.342968456139538e-173,0.21804557463047528,1.2539481093237132e-07,4,AC018665.1,False
ENSG00000263272,0.8628360023469986,3.26695807178473e-172,0.18906405549324917,4.901738431370421e-06,4,AC004148.1,False
ENSG00000112769,0.8802790074379891,5.1776633470475787e-188,0.32763768846117725,7.028201611891843e-16,5,LAMA4,False
ENSG00000113721,0.8741331132850747,3.53840223444731e-182,0.0916467964309417,0.027851246031143365,5,PDGFRB,False
ENSG00000020181,0.8733116231573909,2.0203328167297406e-181,0.2517819929435386,8.863058133599914e-10,5,ADGRA2,False
ENSG00000072952,0.8612823907063811,6.527942550756159e-171,0.1642955160087912,7.448746400984283e-05,5,IRAG1,False
ENSG00000121297,0.848667152797012,6.645818198832771e-161,0.18249360855233424,1.0462059181074953e-05,5,TSHZ3,False
ENSG00000173068,0.8484869717317116,9.095065885201907e-161,0.20024054377461936,1.269421551071857e-06,5,BNC2,False
ENSG00000122786,0.8409276629878246,3.314608488388121e-155,0.20869581812674814,4.336300457290561e-07,5,CALD1,False
ENSG00000107796,0.8406588941166615,5.16166927905958e-155,0.1385963425806,0.0008523934251591578,5,ACTA2,False
ENSG00000169604,0.8340670954290783,2.0968367383470162e-150,0.13958734819495378,0.0007814616939297818,5,ANTXR1,False
ENSG00000182168,0.8330907097524926,9.704493598039369e-150,0.1920231842217991,3.4536997215117957e-06,5,UNC5C,False
ENSG00000172935,0.8289247651961362,6.002801782594128e-147,0.36320827842654696,2.1082569627238936e-19,5,MRGPRF,True
ENSG00000178033,0.8269984151289196,1.1057856524730783e-145,0.2943986612809413,5.569616432365916e-13,5,CALHM5,False
ENSG00000120820,0.8267873073858631,1.5183862879305677e-145,0.1240605580095009,0.0028589059095838016,5,GLT8D2,False
ENSG00000166147,0.8236130890098989,1.6972421148434037e-143,0.02662930286146433,0.5235856163111313,5,FBN1,False
ENSG00000151067,0.8219470762268322,1.9428829827862356e-142,0.2495590984368181,1.2573727327164236e-09,5,CACNA1C,False
ENSG00000077942,0.7999833985005442,1.9355518695651514e-129,0.36775404874563855,6.928510766470447e-20,5,FBLN1,True
ENSG00000089472,0.7979386167272375,2.594147196687127e-128,0.1329716732302913,0.001380955296981861,5,HEPH,False
ENSG00000149591,0.7976715886298522,3.63274423840253e-128,0.22200210400133183,7.292924289522143e-08,5,TAGLN,False
ENSG00000144857,0.7924697352264963,2.3222865081706566e-125,0.10950134119454474,0.008532544062497304,5,BOC,False
ENSG00000166341,0.7862349366214494,4.2120287509339393e-122,0.3071979731887848,4.7067059500752634e-14,5,DCHS1,True
ENSG00000123338,0.9645540170959703,0.0,0.38404034813310023,1.1088054024656534e-21,6,NCKAP1L,True
ENSG00000143119,0.9548138145569566,1.1917445001660836e-304,0.3266875245329255,8.606928520833788e-16,6,CD53,True
ENSG00000122122,0.9506390416126971,6.699791046050888e-294,0.2937582661201831,6.282428029633255e-13,6,SASH3,False
ENSG00000010671,0.9398870789352404,5.066743021584974e-270,0.4232664851456291,1.9289357195500024e-26,6,BTK,True
ENSG00000161929,0.9374610538770809,3.029100796463103e-265,0.44883336150209807,6.726063242973757e-30,6,SCIMP,True
ENSG00000115956,0.9334534383001869,9.266620954624105e-258,0.2521459714996942,8.367105434230269e-10,6,PLEK,False
ENSG00000081237,0.9327468275425288,1.7306184988065488e-256,0.2775548332218945,1.1974929513005033e-11,6,PTPRC,False
ENSG00000134516,0.9309724006153461,2.34697422229133e-253,0.3042111881351133,8.470236332427817e-14,6,DOCK2,False
ENSG00000010610,0.9267962435353029,2.6554336702873984e-246,0.2992568108676409,2.211883304094575e-13,6,CD4,False
ENSG00000110324,0.9237076134515899,2.380382273687163e-241,0.22860402056000634,2.8860441903400148e-08,6,IL10RA,False
ENSG00000043462,0.9230504378651605,2.5317936918007735e-240,0.22713014592539651,3.558406035297044e-08,6,LCP2,False
ENSG00000185862,0.9222207123333825,4.862034650897744e-239,0.38456063097745097,9.678332251610403e-22,6,EVI2B,True
ENSG00000167613,0.9213471970570635,1.0534001826926718e-237,0.3287834139082064,5.499406174575395e-16,6,LAIR1,True
ENSG00000140968,0.9200813231668552,8.533394355748508e-236,0.31936788792985304,4.003924325317093e-15,6,IRF8,True
ENSG00000165168,0.9192742256892015,1.35377550493648e-234,0.3501632018845114,4.661005922381533e-18,6,CYBB,True
ENSG00000100368,0.9183142600525431,3.4922586467700584e-233,0.32191906426332384,2.3542419271373108e-15,6,CSF2RB,True
ENSG00000186517,0.9137058844076265,1.2193235913696376e-226,0.37658839943290123,7.570904237194974e-21,6,ARHGAP30,True
ENSG00000142347,0.9133620964416787,3.626321610324531e-226,0.3461829314320112,1.1652882155613798e-17,6,MYO1F,True
ENSG00000167208,0.9108539697186833,9.000366277414317e-223,0.19909174055827933,1.463783055938979e-06,6,SNX20,False
ENSG00000133574,0.9075325840154254,1.9883299822377816e-218,0.4820988108152449,7.367338873389643e-35,6,GIMAP4,True
ENSG00000134917,0.913468353179968,2.590457929669087e-226,0.6626070692316293,4.382566042020487e-74,7,ADAMTS8,True
ENSG00000241644,0.912130695090019,1.7334170486004792e-224,0.6282844668828061,1.3805562762022543e-64,7,INMT,True
ENSG00000177098,0.905430914599354,9.190554918577603e-216,0.6215734188144122,7.246880497161798e-63,7,SCN4B,True
ENSG00000163145,0.8974581138405602,3.4134466346919837e-206,0.5633453981747356,1.5251015372420471e-49,7,C1QTNF7,True
ENSG00000141338,0.897382400047865,4.1711344066430635e-206,0.6038042180215456,1.6544687310308734e-58,7,ABCA8,True
ENSG00000118526,0.8935553211833316,8.596943803867938e-202,0.6694439188897765,3.9548689381039926e-76,7,TCF21,True
ENSG00000022267,0.8901936170101395,3.890776985427291e-198,0.6777975265451032,1.055719961410013e-78,7,FHL1,True
ENSG00000196616,0.8848196356741456,1.5605504947734358e-192,0.5352148678167474,5.294790454724773e-44,7,ADH1B,True
ENSG00000117399,0.8790034480538131,8.936074813055818e-187,0.5869090254607927,1.3057236973571747e-54,7,CDC20,True
ENSG00000077152,0.8782952596905672,4.284602939415184e-186,0.6116093649618386,2.178998046240418e-60,7,UBE2T,True
ENSG00000154721,0.8758843599817288,8.278817365896557e-184,0.6860840490601918,2.4257788238365463e-81,7,JAM2,True
ENSG00000089685,0.8735720773048212,1.1644221344348221e-181,0.5638122414264102,1.2213122434603707e-49,7,BIRC5,True
ENSG00000134057,0.8728299202868028,5.579972117114616e-181,0.5716139748113275,2.829110149889391e-51,7,CCNB1,True
ENSG00000157456,0.8682141140435172,7.677942572301075e-177,0.5568643814951989,3.212771137638095e-48,7,CCNB2,True
ENSG00000136546,0.8681292058764868,9.118052056541838e-177,0.5172119295163401,1.0115406917194175e-40,7,SCN7A,True
ENSG00000165197,0.8665073931244619,2.3769571634257036e-175,0.6543303387783148,1.1113750182358412e-71,7,VEGFD,True
ENSG00000077943,0.8649217757638076,5.529118550902186e-174,0.5222414639682108,1.2824502028514127e-41,7,ITGA8,True
ENSG00000166482,0.8627637574006723,3.758186129033422e-172,0.5366130142866783,2.888565935251166e-44,7,MFAP4,True
ENSG00000047648,0.8625837275724284,5.326274615801089e-172,0.6641819248819116,1.4981496500555622e-74,7,ARHGAP6,True
ENSG00000142945,0.8622725960543917,9.719588534733368e-172,0.5629364549632531,1.85216610533285e-49,7,KIF2C,True
